,Time Gameplayed Utc,participantTaskId,Participant Id,Finish Status,Times Finished Game,Session Type,OS Version,Screen Height,Screen Width,Client Time Zone,Graphics Device Name,Processor Frequency,Runtime Platform,I18n,Processor Count,System Memory Size,Build,Device DPI,Device Model,Device Type,Response Window,Trial Number,FPS Mean,FPS Variance,Condition,Correct Button,Object Count,Response Time,Stimulus Array Time,Total Taps,Point 0 RT,Tap 0 RT,Point 1 RT,Tap 1 RT,Point 2 RT,Tap 2 RT,Point 3 RT,Tap 3 RT,Point 4 RT,Tap 4 RT,Point 5 RT,Tap 5 RT,Point 6 RT,Tap 6 RT,Point 7 RT,Tap 7 RT,Point 8 RT,Tap 8 RT,Point 9 RT,Tap 9 RT,Point 10 RT,Tap 10 RT,Point 11 RT,Tap 11 RT,Point 12 RT,Tap 12 RT,Point 13 RT,Tap 13 RT,Point 14 RT,Tap 14 RT,Time Sent Utc,Detail,Finger Used
0,2024-03-06T18:48:41.9620000Z,0ee16dab-8856-4515-98f8-0e446e23d1e4,WPI1_27,Successful,1,Real,Windows 10,909,1797,Eastern Standard Time,"ANGLE (Intel, Intel(R) Iris(R) Xe Graphics (0x00009A49) Direct3D11 vs_5_0 ps_5_0, D3D11)",0,17,10,1,128,1.22.27,0,Chrome 122,3,8000,0,120.273643,50.26773,DEFAULT,1,3,1150,4000,3,"{99, 293}",300,"{230, 224}",450,"{446, 61}",400,N/A,N/A,N/A,N/A,N/A,N/A,N/A,N/A,N/A,N/A,N/A,N/A,N/A,N/A,N/A,N/A,N/A,N/A,N/A,N/A,N/A,N/A,N/A,N/A,2024-03-06T18:48:41.9620000Z,N/A,N/A
1,2024-03-06T18:48:41.9620000Z,0ee16dab-8856-4515-98f8-0e446e23d1e4,WPI1_27,Successful,1,Real,Windows 10,909,1797,Eastern Standard Time,"ANGLE (Intel, Intel(R) Iris(R) Xe Graphics (0x00009A49) Direct3D11 vs_5_0 ps_5_0, D3D11)",0,17,10,1,128,1.22.27,0,Chrome 122,3,8000,1,120.436089,56.79955,DEFAULT,1,3,1483,4000,3,"{456, 183}",516,"{230, 224}",534,"{591, 244}",433,N/A,N/A,N/A,N/A,N/A,N/A,N/A,N/A,N/A,N/A,N/A,N/A,N/A,N/A,N/A,N/A,N/A,N/A,N/A,N/A,N/A,N/A,N/A,N/A,2024-03-06T18:48:41.9620000Z,N/A,N/A
2,2024-03-06T18:48:41.9620000Z,0ee16dab-8856-4515-98f8-0e446e23d1e4,WPI1_27,Successful,1,Real,Windows 10,909,1797,Eastern Standard Time,"ANGLE (Intel, Intel(R) Iris(R) Xe Graphics (0x00009A49) Direct3D11 vs_5_0 ps_5_0, D3D11)",0,17,10,1,128,1.22.27,0,Chrome 122,3,9000,2,120.409134,50.2918053,DEFAULT,1,4,1900,5000,4,"{456, 183}",250,"{99, 293}",616,"{640, 122}",534,"{230, 224}",500,N/A,N/A,N/A,N/A,N/A,N/A,N/A,N/A,N/A,N/A,N/A,N/A,N/A,N/A,N/A,N/A,N/A,N/A,N/A,N/A,N/A,N/A,2024-03-06T18:48:41.9620000Z,N/A,N/A
3,2024-03-06T18:48:41.9620000Z,0ee16dab-8856-4515-98f8-0e446e23d1e4,WPI1_27,Successful,1,Real,Windows 10,909,1797,Eastern Standard Time,"ANGLE (Intel, Intel(R) Iris(R) Xe Graphics (0x00009A49) Direct3D11 vs_5_0 ps_5_0, D3D11)",0,17,10,1,128,1.22.27,0,Chrome 122,3,9000,3,120.475449,58.2452,DEFAULT,1,4,3600,5000,4,"{249, 41}",1883,"{640, 122}",367,"{99, 293}",700,"{49, 102}",650,N/A,N/A,N/A,N/A,N/A,N/A,N/A,N/A,N/A,N/A,N/A,N/A,N/A,N/A,N/A,N/A,N/A,N/A,N/A,N/A,N/A,N/A,2024-03-06T18:48:41.9620000Z,N/A,N/A
4,2024-03-06T18:48:41.9620000Z,0ee16dab-8856-4515-98f8-0e446e23d1e4,WPI1_27,Successful,1,Real,Windows 10,909,1797,Eastern Standard Time,"ANGLE (Intel, Intel(R) Iris(R) Xe Graphics (0x00009A49) Direct3D11 vs_5_0 ps_5_0, D3D11)",0,17,10,1,128,1.22.27,0,Chrome 122,3,10000,4,120.319565,62.4108658,DEFAULT,1,5,2183,6000,5,"{99, 293}",283,"{427, 315}",333,"{591, 244}",484,"{230, 224}",450,"{249, 41}",633,N/A,N/A,N/A,N/A,N/A,N/A,N/A,N/A,N/A,N/A,N/A,N/A,N/A,N/A,N/A,N/A,N/A,N/A,N/A,N/A,2024-03-06T18:48:41.9620000Z,N/A,N/A
5,2024-03-06T18:48:41.9620000Z,0ee16dab-8856-4515-98f8-0e446e23d1e4,WPI1_27,Successful,1,Real,Windows 10,909,1797,Eastern Standard Time,"ANGLE (Intel, Intel(R) Iris(R) Xe Graphics (0x00009A49) Direct3D11 vs_5_0 ps_5_0, D3D11)",0,17,10,1,128,1.22.27,0,Chrome 122,3,10000,5,120.448105,53.2587166,DEFAULT,0,5,2800,6000,3,"{640, 122}",2000,"{230, 224}",300,"{99, 293}",500,"{456, 183}",N/A,"{446, 61}",N/A,N/A,N/A,N/A,N/A,N/A,N/A,N/A,N/A,N/A,N/A,N/A,N/A,N/A,N/A,N/A,N/A,N/A,N/A,N/A,N/A,2024-03-06T18:48:41.9620000Z,N/A,N/A
6,2024-03-06T18:48:41.9620000Z,0ee16dab-8856-4515-98f8-0e446e23d1e4,WPI1_27,Successful,1,Real,Windows 10,909,1797,Eastern Standard Time,"ANGLE (Intel, Intel(R) Iris(R) Xe Graphics (0x00009A49) Direct3D11 vs_5_0 ps_5_0, D3D11)",0,17,10,1,128,1.22.27,0,Chrome 122,3,10000,6,120.479668,55.34764,DEFAULT,1,5,2500,6000,5,"{249, 41}",400,"{446, 61}",567,"{640, 122}",533,"{427, 315}",517,"{230, 224}",483,N/A,N/A,N/A,N/A,N/A,N/A,N/A,N/A,N/A,N/A,N/A,N/A,N/A,N/A,N/A,N/A,N/A,N/A,N/A,N/A,2024-03-06T18:48:41.9620000Z,N/A,N/A
7,2024-03-06T18:48:41.9620000Z,0ee16dab-8856-4515-98f8-0e446e23d1e4,WPI1_27,Successful,1,Real,Windows 10,909,1797,Eastern Standard Time,"ANGLE (Intel, Intel(R) Iris(R) Xe Graphics (0x00009A49) Direct3D11 vs_5_0 ps_5_0, D3D11)",0,17,10,1,128,1.22.27,0,Chrome 122,3,10000,7,120.508919,54.7531242,DEFAULT,1,5,6967,6000,5,"{230, 224}",4500,"{640, 122}",550,"{456, 183}",367,"{591, 244}",450,"{249, 41}",1100,N/A,N/A,N/A,N/A,N/A,N/A,N/A,N/A,N/A,N/A,N/A,N/A,N/A,N/A,N/A,N/A,N/A,N/A,N/A,N/A,2024-03-06T18:48:41.9620000Z,N/A,N/A
8,2024-03-06T18:48:41.9620000Z,0ee16dab-8856-4515-98f8-0e446e23d1e4,WPI1_27,Successful,1,Real,Windows 10,909,1797,Eastern Standard Time,"ANGLE (Intel, Intel(R) Iris(R) Xe Graphics (0x00009A49) Direct3D11 vs_5_0 ps_5_0, D3D11)",0,17,10,1,128,1.22.27,0,Chrome 122,3,11000,8,120.51561,51.45581,DEFAULT,1,6,2666,7000,6,"{446, 61}",266,"{49, 102}",517,"{456, 183}",383,"{230, 224}",417,"{427, 315}",533,"{249, 41}",550,N/A,N/A,N/A,N/A,N/A,N/A,N/A,N/A,N/A,N/A,N/A,N/A,N/A,N/A,N/A,N/A,N/A,N/A,2024-03-06T18:48:41.9620000Z,N/A,N/A
9,2024-03-06T18:48:41.9620000Z,0ee16dab-8856-4515-98f8-0e446e23d1e4,WPI1_27,Successful,1,Real,Windows 10,909,1797,Eastern Standard Time,"ANGLE (Intel, Intel(R) Iris(R) Xe Graphics (0x00009A49) Direct3D11 vs_5_0 ps_5_0, D3D11)",0,17,10,1,128,1.22.27,0,Chrome 122,3,11000,9,120.718742,53.10638,DEFAULT,1,6,3017,7000,6,"{249, 41}",316,"{446, 61}",600,"{640, 122}",484,"{49, 102}",600,"{99, 293}",516,"{427, 315}",501,N/A,N/A,N/A,N/A,N/A,N/A,N/A,N/A,N/A,N/A,N/A,N/A,N/A,N/A,N/A,N/A,N/A,N/A,2024-03-06T18:48:41.9620000Z,N/A,N/A
10,2024-03-06T18:48:41.9620000Z,0ee16dab-8856-4515-98f8-0e446e23d1e4,WPI1_27,Successful,1,Real,Windows 10,909,1797,Eastern Standard Time,"ANGLE (Intel, Intel(R) Iris(R) Xe Graphics (0x00009A49) Direct3D11 vs_5_0 ps_5_0, D3D11)",0,17,10,1,128,1.22.27,0,Chrome 122,3,12000,10,120.544052,49.664978,DEFAULT,1,7,5250,8000,7,"{49, 102}",400,"{249, 41}",350,"{230, 224}",433,"{99, 293}",734,"{591, 244}",2416,"{456, 183}",450,"{446, 61}",467,N/A,N/A,N/A,N/A,N/A,N/A,N/A,N/A,N/A,N/A,N/A,N/A,N/A,N/A,N/A,N/A,2024-03-06T18:48:41.9620000Z,N/A,N/A
11,2024-03-06T18:48:41.9620000Z,0ee16dab-8856-4515-98f8-0e446e23d1e4,WPI1_27,Successful,1,Real,Windows 10,909,1797,Eastern Standard Time,"ANGLE (Intel, Intel(R) Iris(R) Xe Graphics (0x00009A49) Direct3D11 vs_5_0 ps_5_0, D3D11)",0,17,10,1,128,1.22.27,0,Chrome 122,3,12000,11,120.685478,54.8479576,DEFAULT,1,7,3483,8000,7,"{456, 183}",316,"{591, 244}",550,"{99, 293}",684,"{230, 224}",600,"{49, 102}",416,"{427, 315}",517,"{640, 122}",400,N/A,N/A,N/A,N/A,N/A,N/A,N/A,N/A,N/A,N/A,N/A,N/A,N/A,N/A,N/A,N/A,2024-03-06T18:48:41.9620000Z,N/A,N/A
12,2024-03-06T18:48:41.9620000Z,0ee16dab-8856-4515-98f8-0e446e23d1e4,WPI1_27,Successful,1,Real,Windows 10,909,1797,Eastern Standard Time,"ANGLE (Intel, Intel(R) Iris(R) Xe Graphics (0x00009A49) Direct3D11 vs_5_0 ps_5_0, D3D11)",0,17,10,1,128,1.22.27,0,Chrome 122,3,13000,12,120.45195,56.6418228,DEFAULT,0,8,3584,9000,2,"{591, 244}",2734,"{230, 224}",850,"{49, 102}",N/A,"{456, 183}",N/A,"{249, 41}",N/A,"{427, 315}",N/A,"{99, 293}",N/A,"{640, 122}",N/A,N/A,N/A,N/A,N/A,N/A,N/A,N/A,N/A,N/A,N/A,N/A,N/A,N/A,N/A,2024-03-06T18:48:41.9620000Z,N/A,N/A
13,2024-03-06T18:48:41.9620000Z,0ee16dab-8856-4515-98f8-0e446e23d1e4,WPI1_27,Successful,1,Real,Windows 10,909,1797,Eastern Standard Time,"ANGLE (Intel, Intel(R) Iris(R) Xe Graphics (0x00009A49) Direct3D11 vs_5_0 ps_5_0, D3D11)",0,17,10,1,128,1.22.27,0,Chrome 122,3,13000,13,120.513611,53.032917,DEFAULT,1,8,9667,9000,8,"{591, 244}",433,"{446, 61}",1934,"{456, 183}",1533,"{427, 315}",750,"{249, 41}",3583,"{99, 293}",417,"{49, 102}",533,"{640, 122}",484,N/A,N/A,N/A,N/A,N/A,N/A,N/A,N/A,N/A,N/A,N/A,N/A,N/A,N/A,2024-03-06T18:48:41.9620000Z,N/A,N/A
14,2024-03-06T18:48:41.9620000Z,0ee16dab-8856-4515-98f8-0e446e23d1e4,WPI1_27,Successful,1,Real,Windows 10,909,1797,Eastern Standard Time,"ANGLE (Intel, Intel(R) Iris(R) Xe Graphics (0x00009A49) Direct3D11 vs_5_0 ps_5_0, D3D11)",0,17,10,1,128,1.22.27,0,Chrome 122,3,13000,14,120.524368,55.70403,DEFAULT,0,8,6133,9000,3,"{427, 315}",3500,"{446, 61}",467,"{591, 244}",2166,"{640, 122}",N/A,"{456, 183}",N/A,"{249, 41}",N/A,"{99, 293}",N/A,"{230, 224}",N/A,N/A,N/A,N/A,N/A,N/A,N/A,N/A,N/A,N/A,N/A,N/A,N/A,N/A,N/A,2024-03-06T18:48:41.9620000Z,N/A,N/A
15,2024-03-06T18:48:41.9620000Z,0ee16dab-8856-4515-98f8-0e446e23d1e4,WPI1_27,Successful,1,Real,Windows 10,909,1797,Eastern Standard Time,"ANGLE (Intel, Intel(R) Iris(R) Xe Graphics (0x00009A49) Direct3D11 vs_5_0 ps_5_0, D3D11)",0,17,10,1,128,1.22.27,0,Chrome 122,3,13000,15,120.608322,50.2236748,DEFAULT,0,8,5833,9000,4,"{446, 61}",1950,"{230, 224}",383,"{640, 122}",417,"{456, 183}",3083,"{427, 315}",N/A,"{249, 41}",N/A,"{49, 102}",N/A,"{99, 293}",N/A,N/A,N/A,N/A,N/A,N/A,N/A,N/A,N/A,N/A,N/A,N/A,N/A,N/A,N/A,2024-03-06T18:48:41.9620000Z,N/A,N/A
16,2024-03-06T18:48:41.9620000Z,0ee16dab-8856-4515-98f8-0e446e23d1e4,WPI1_27,Successful,1,Real,Windows 10,909,1797,Eastern Standard Time,"ANGLE (Intel, Intel(R) Iris(R) Xe Graphics (0x00009A49) Direct3D11 vs_5_0 ps_5_0, D3D11)",0,17,10,1,128,1.22.27,0,Chrome 122,3,13000,16,120.6062,51.7736626,DEFAULT,0,8,2316,9000,5,"{446, 61}",166,"{456, 183}",384,"{99, 293}",516,"{230, 224}",634,"{49, 102}",616,"{249, 41}",N/A,"{591, 244}",N/A,"{427, 315}",N/A,N/A,N/A,N/A,N/A,N/A,N/A,N/A,N/A,N/A,N/A,N/A,N/A,N/A,N/A,2024-03-06T18:48:41.9620000Z,N/A,N/A
17,2024-03-06T18:48:13.8950000Z,0ee16dab-8856-4515-98f8-0e446e23d1e4,WPI1_27,Successful,1,StartingWindow,Windows 10,909,1797,Eastern Standard Time,"ANGLE (Intel, Intel(R) Iris(R) Xe Graphics (0x00009A49) Direct3D11 vs_5_0 ps_5_0, D3D11)",0,17,10,1,128,1.22.27,0,Chrome 122,3,-1,0,120.425171,57.2337379,DEFAULT,1,3,2383,4000,3,"{99, 293}",1566,"{230, 224}",434,"{446, 61}",383,N/A,N/A,N/A,N/A,N/A,N/A,N/A,N/A,N/A,N/A,N/A,N/A,N/A,N/A,N/A,N/A,N/A,N/A,N/A,N/A,N/A,N/A,N/A,N/A,2024-03-06T18:48:13.8950000Z,N/A,N/A
18,2024-03-06T18:48:13.8950000Z,0ee16dab-8856-4515-98f8-0e446e23d1e4,WPI1_27,Successful,1,StartingWindow,Windows 10,909,1797,Eastern Standard Time,"ANGLE (Intel, Intel(R) Iris(R) Xe Graphics (0x00009A49) Direct3D11 vs_5_0 ps_5_0, D3D11)",0,17,10,1,128,1.22.27,0,Chrome 122,3,-1,1,120.444046,54.80104,DEFAULT,1,3,1467,4000,3,"{456, 183}",584,"{230, 224}",483,"{591, 244}",400,N/A,N/A,N/A,N/A,N/A,N/A,N/A,N/A,N/A,N/A,N/A,N/A,N/A,N/A,N/A,N/A,N/A,N/A,N/A,N/A,N/A,N/A,N/A,N/A,2024-03-06T18:48:13.8950000Z,N/A,N/A
19,2024-03-06T18:48:13.8950000Z,0ee16dab-8856-4515-98f8-0e446e23d1e4,WPI1_27,Successful,1,StartingWindow,Windows 10,909,1797,Eastern Standard Time,"ANGLE (Intel, Intel(R) Iris(R) Xe Graphics (0x00009A49) Direct3D11 vs_5_0 ps_5_0, D3D11)",0,17,10,1,128,1.22.27,0,Chrome 122,3,-1,2,120.489044,54.7089233,DEFAULT,1,4,2000,5000,4,"{456, 183}",300,"{99, 293}",633,"{640, 122}",617,"{230, 224}",450,N/A,N/A,N/A,N/A,N/A,N/A,N/A,N/A,N/A,N/A,N/A,N/A,N/A,N/A,N/A,N/A,N/A,N/A,N/A,N/A,N/A,N/A,2024-03-06T18:48:13.8950000Z,N/A,N/A
20,2024-03-06T18:32:19.1910000Z,0ee16dab-8856-4515-98f8-0e446e23d1e4,WPI1_27,Successful,0,Real,Windows 10,909,1797,Eastern Standard Time,"ANGLE (Intel, Intel(R) Iris(R) Xe Graphics (0x00009A49) Direct3D11 vs_5_0 ps_5_0, D3D11)",0,17,10,1,256,1.22.27,0,Chrome 122,3,8000,0,120.739952,50.73281,DEFAULT,1,3,1250,4000,3,"{99, 293}",367,"{230, 224}",483,"{446, 61}",400,N/A,N/A,N/A,N/A,N/A,N/A,N/A,N/A,N/A,N/A,N/A,N/A,N/A,N/A,N/A,N/A,N/A,N/A,N/A,N/A,N/A,N/A,N/A,N/A,2024-03-06T18:32:19.1910000Z,N/A,N/A
21,2024-03-06T18:32:19.1910000Z,0ee16dab-8856-4515-98f8-0e446e23d1e4,WPI1_27,Successful,0,Real,Windows 10,909,1797,Eastern Standard Time,"ANGLE (Intel, Intel(R) Iris(R) Xe Graphics (0x00009A49) Direct3D11 vs_5_0 ps_5_0, D3D11)",0,17,10,1,256,1.22.27,0,Chrome 122,3,8000,1,120.723442,55.1264458,DEFAULT,1,3,2817,4000,3,"{456, 183}",1867,"{230, 224}",566,"{591, 244}",384,N/A,N/A,N/A,N/A,N/A,N/A,N/A,N/A,N/A,N/A,N/A,N/A,N/A,N/A,N/A,N/A,N/A,N/A,N/A,N/A,N/A,N/A,N/A,N/A,2024-03-06T18:32:19.1910000Z,N/A,N/A
22,2024-03-06T18:32:19.1910000Z,0ee16dab-8856-4515-98f8-0e446e23d1e4,WPI1_27,Successful,0,Real,Windows 10,909,1797,Eastern Standard Time,"ANGLE (Intel, Intel(R) Iris(R) Xe Graphics (0x00009A49) Direct3D11 vs_5_0 ps_5_0, D3D11)",0,17,10,1,256,1.22.27,0,Chrome 122,3,9000,2,120.515305,58.6731339,DEFAULT,1,4,2267,5000,4,"{456, 183}",367,"{99, 293}",617,"{640, 122}",700,"{230, 224}",583,N/A,N/A,N/A,N/A,N/A,N/A,N/A,N/A,N/A,N/A,N/A,N/A,N/A,N/A,N/A,N/A,N/A,N/A,N/A,N/A,N/A,N/A,2024-03-06T18:32:19.1910000Z,N/A,N/A
23,2024-03-06T18:32:19.1910000Z,0ee16dab-8856-4515-98f8-0e446e23d1e4,WPI1_27,Successful,0,Real,Windows 10,909,1797,Eastern Standard Time,"ANGLE (Intel, Intel(R) Iris(R) Xe Graphics (0x00009A49) Direct3D11 vs_5_0 ps_5_0, D3D11)",0,17,10,1,256,1.22.27,0,Chrome 122,3,9000,3,120.427666,62.4851151,DEFAULT,1,4,2183,5000,4,"{249, 41}",467,"{640, 122}",533,"{99, 293}",633,"{49, 102}",550,N/A,N/A,N/A,N/A,N/A,N/A,N/A,N/A,N/A,N/A,N/A,N/A,N/A,N/A,N/A,N/A,N/A,N/A,N/A,N/A,N/A,N/A,2024-03-06T18:32:19.1910000Z,N/A,N/A
24,2024-03-06T18:32:19.1910000Z,0ee16dab-8856-4515-98f8-0e446e23d1e4,WPI1_27,Successful,0,Real,Windows 10,909,1797,Eastern Standard Time,"ANGLE (Intel, Intel(R) Iris(R) Xe Graphics (0x00009A49) Direct3D11 vs_5_0 ps_5_0, D3D11)",0,17,10,1,256,1.22.27,0,Chrome 122,3,10000,4,120.541557,52.2855453,DEFAULT,1,5,2117,6000,5,"{99, 293}",350,"{427, 315}",400,"{591, 244}",533,"{230, 224}",350,"{249, 41}",484,N/A,N/A,N/A,N/A,N/A,N/A,N/A,N/A,N/A,N/A,N/A,N/A,N/A,N/A,N/A,N/A,N/A,N/A,N/A,N/A,2024-03-06T18:32:19.1910000Z,N/A,N/A
25,2024-03-06T18:32:19.1910000Z,0ee16dab-8856-4515-98f8-0e446e23d1e4,WPI1_27,Successful,0,Real,Windows 10,909,1797,Eastern Standard Time,"ANGLE (Intel, Intel(R) Iris(R) Xe Graphics (0x00009A49) Direct3D11 vs_5_0 ps_5_0, D3D11)",0,17,10,1,256,1.22.27,0,Chrome 122,3,10000,5,120.691132,56.19383,DEFAULT,0,5,3567,6000,3,"{640, 122}",2600,"{230, 224}",517,"{99, 293}",450,"{456, 183}",N/A,"{446, 61}",N/A,N/A,N/A,N/A,N/A,N/A,N/A,N/A,N/A,N/A,N/A,N/A,N/A,N/A,N/A,N/A,N/A,N/A,N/A,N/A,N/A,2024-03-06T18:32:19.1910000Z,N/A,N/A
26,2024-03-06T18:32:19.1910000Z,0ee16dab-8856-4515-98f8-0e446e23d1e4,WPI1_27,Successful,0,Real,Windows 10,909,1797,Eastern Standard Time,"ANGLE (Intel, Intel(R) Iris(R) Xe Graphics (0x00009A49) Direct3D11 vs_5_0 ps_5_0, D3D11)",0,17,10,1,256,1.22.27,0,Chrome 122,3,10000,6,120.557037,50.06969,DEFAULT,1,5,2650,6000,5,"{249, 41}",417,"{446, 61}",383,"{640, 122}",517,"{427, 315}",733,"{230, 224}",600,N/A,N/A,N/A,N/A,N/A,N/A,N/A,N/A,N/A,N/A,N/A,N/A,N/A,N/A,N/A,N/A,N/A,N/A,N/A,N/A,2024-03-06T18:32:19.1910000Z,N/A,N/A
27,2024-03-06T18:32:19.1910000Z,0ee16dab-8856-4515-98f8-0e446e23d1e4,WPI1_27,Successful,0,Real,Windows 10,909,1797,Eastern Standard Time,"ANGLE (Intel, Intel(R) Iris(R) Xe Graphics (0x00009A49) Direct3D11 vs_5_0 ps_5_0, D3D11)",0,17,10,1,256,1.22.27,0,Chrome 122,3,10000,7,120.59774,57.0977554,DEFAULT,1,5,2200,6000,5,"{230, 224}",383,"{640, 122}",517,"{456, 183}",350,"{591, 244}",383,"{249, 41}",567,N/A,N/A,N/A,N/A,N/A,N/A,N/A,N/A,N/A,N/A,N/A,N/A,N/A,N/A,N/A,N/A,N/A,N/A,N/A,N/A,2024-03-06T18:32:19.1910000Z,N/A,N/A
28,2024-03-06T18:32:19.1910000Z,0ee16dab-8856-4515-98f8-0e446e23d1e4,WPI1_27,Successful,0,Real,Windows 10,909,1797,Eastern Standard Time,"ANGLE (Intel, Intel(R) Iris(R) Xe Graphics (0x00009A49) Direct3D11 vs_5_0 ps_5_0, D3D11)",0,17,10,1,256,1.22.27,0,Chrome 122,3,11000,8,120.798721,54.5119171,DEFAULT,1,6,3366,7000,6,"{446, 61}",400,"{49, 102}",833,"{456, 183}",400,"{230, 224}",367,"{427, 315}",766,"{249, 41}",600,N/A,N/A,N/A,N/A,N/A,N/A,N/A,N/A,N/A,N/A,N/A,N/A,N/A,N/A,N/A,N/A,N/A,N/A,2024-03-06T18:32:19.1910000Z,N/A,N/A
29,2024-03-06T18:32:19.1910000Z,0ee16dab-8856-4515-98f8-0e446e23d1e4,WPI1_27,Successful,0,Real,Windows 10,909,1797,Eastern Standard Time,"ANGLE (Intel, Intel(R) Iris(R) Xe Graphics (0x00009A49) Direct3D11 vs_5_0 ps_5_0, D3D11)",0,17,10,1,256,1.22.27,0,Chrome 122,3,11000,9,120.936836,49.9751625,DEFAULT,1,6,3033,7000,6,"{249, 41}",300,"{446, 61}",616,"{640, 122}",550,"{49, 102}",500,"{99, 293}",450,"{427, 315}",617,N/A,N/A,N/A,N/A,N/A,N/A,N/A,N/A,N/A,N/A,N/A,N/A,N/A,N/A,N/A,N/A,N/A,N/A,2024-03-06T18:32:19.1910000Z,N/A,N/A
30,2024-03-06T18:32:19.1910000Z,0ee16dab-8856-4515-98f8-0e446e23d1e4,WPI1_27,Successful,0,Real,Windows 10,909,1797,Eastern Standard Time,"ANGLE (Intel, Intel(R) Iris(R) Xe Graphics (0x00009A49) Direct3D11 vs_5_0 ps_5_0, D3D11)",0,17,10,1,256,1.22.27,0,Chrome 122,3,12000,10,120.442719,58.097374,DEFAULT,0,7,6900,8000,4,"{49, 102}",584,"{249, 41}",416,"{230, 224}",800,"{99, 293}",5100,"{591, 244}",N/A,"{456, 183}",N/A,"{446, 61}",N/A,N/A,N/A,N/A,N/A,N/A,N/A,N/A,N/A,N/A,N/A,N/A,N/A,N/A,N/A,N/A,N/A,2024-03-06T18:32:19.1910000Z,N/A,N/A
31,2024-03-06T18:32:19.1910000Z,0ee16dab-8856-4515-98f8-0e446e23d1e4,WPI1_27,Successful,0,Real,Windows 10,909,1797,Eastern Standard Time,"ANGLE (Intel, Intel(R) Iris(R) Xe Graphics (0x00009A49) Direct3D11 vs_5_0 ps_5_0, D3D11)",0,17,10,1,256,1.22.27,0,Chrome 122,3,12000,11,120.711662,53.3662033,DEFAULT,1,7,7300,8000,7,"{456, 183}",366,"{591, 244}",534,"{99, 293}",1100,"{230, 224}",3600,"{49, 102}",616,"{427, 315}",584,"{640, 122}",500,N/A,N/A,N/A,N/A,N/A,N/A,N/A,N/A,N/A,N/A,N/A,N/A,N/A,N/A,N/A,N/A,2024-03-06T18:32:19.1910000Z,N/A,N/A
32,2024-03-06T18:32:19.1910000Z,0ee16dab-8856-4515-98f8-0e446e23d1e4,WPI1_27,Successful,0,Real,Windows 10,909,1797,Eastern Standard Time,"ANGLE (Intel, Intel(R) Iris(R) Xe Graphics (0x00009A49) Direct3D11 vs_5_0 ps_5_0, D3D11)",0,17,10,1,256,1.22.27,0,Chrome 122,3,12000,12,120.712692,56.7091026,DEFAULT,0,7,4400,8000,6,"{99, 293}",550,"{640, 122}",534,"{230, 224}",600,"{591, 244}",616,"{456, 183}",1067,"{249, 41}",1033,"{446, 61}",N/A,N/A,N/A,N/A,N/A,N/A,N/A,N/A,N/A,N/A,N/A,N/A,N/A,N/A,N/A,N/A,N/A,2024-03-06T18:32:19.1910000Z,N/A,N/A
33,2024-03-06T18:32:19.1910000Z,0ee16dab-8856-4515-98f8-0e446e23d1e4,WPI1_27,Successful,0,Real,Windows 10,909,1797,Eastern Standard Time,"ANGLE (Intel, Intel(R) Iris(R) Xe Graphics (0x00009A49) Direct3D11 vs_5_0 ps_5_0, D3D11)",0,17,10,1,256,1.22.27,0,Chrome 122,3,12000,13,120.7953,56.73687,DEFAULT,0,7,4050,8000,4,"{249, 41}",816,"{446, 61}",684,"{230, 224}",550,"{456, 183}",2000,"{591, 244}",N/A,"{640, 122}",N/A,"{99, 293}",N/A,N/A,N/A,N/A,N/A,N/A,N/A,N/A,N/A,N/A,N/A,N/A,N/A,N/A,N/A,N/A,N/A,2024-03-06T18:32:19.1910000Z,N/A,N/A
34,2024-03-06T18:32:19.1910000Z,0ee16dab-8856-4515-98f8-0e446e23d1e4,WPI1_27,Successful,0,Real,Windows 10,909,1797,Eastern Standard Time,"ANGLE (Intel, Intel(R) Iris(R) Xe Graphics (0x00009A49) Direct3D11 vs_5_0 ps_5_0, D3D11)",0,17,10,1,256,1.22.27,0,Chrome 122,3,12000,14,120.552536,63.6774139,DEFAULT,0,7,2117,8000,4,"{49, 102}",667,"{591, 244}",583,"{230, 224}",417,"{446, 61}",450,"{427, 315}",N/A,"{249, 41}",N/A,"{640, 122}",N/A,N/A,N/A,N/A,N/A,N/A,N/A,N/A,N/A,N/A,N/A,N/A,N/A,N/A,N/A,N/A,N/A,2024-03-06T18:32:19.1910000Z,N/A,N/A
35,2024-03-06T18:31:50.6920000Z,0ee16dab-8856-4515-98f8-0e446e23d1e4,WPI1_27,Successful,0,StartingWindow,Windows 10,909,1797,Eastern Standard Time,"ANGLE (Intel, Intel(R) Iris(R) Xe Graphics (0x00009A49) Direct3D11 vs_5_0 ps_5_0, D3D11)",0,17,10,1,256,1.22.27,0,Chrome 122,3,-1,0,120.881363,53.69648,DEFAULT,1,3,1600,4000,3,"{99, 293}",733,"{230, 224}",450,"{446, 61}",417,N/A,N/A,N/A,N/A,N/A,N/A,N/A,N/A,N/A,N/A,N/A,N/A,N/A,N/A,N/A,N/A,N/A,N/A,N/A,N/A,N/A,N/A,N/A,N/A,2024-03-06T18:31:50.6920000Z,N/A,N/A
36,2024-03-06T18:31:50.6920000Z,0ee16dab-8856-4515-98f8-0e446e23d1e4,WPI1_27,Successful,0,StartingWindow,Windows 10,909,1797,Eastern Standard Time,"ANGLE (Intel, Intel(R) Iris(R) Xe Graphics (0x00009A49) Direct3D11 vs_5_0 ps_5_0, D3D11)",0,17,10,1,256,1.22.27,0,Chrome 122,3,-1,1,121.011742,54.19438,DEFAULT,1,3,2234,4000,3,"{456, 183}",1300,"{230, 224}",550,"{591, 244}",384,N/A,N/A,N/A,N/A,N/A,N/A,N/A,N/A,N/A,N/A,N/A,N/A,N/A,N/A,N/A,N/A,N/A,N/A,N/A,N/A,N/A,N/A,N/A,N/A,2024-03-06T18:31:50.6920000Z,N/A,N/A
37,2024-03-06T18:31:50.6920000Z,0ee16dab-8856-4515-98f8-0e446e23d1e4,WPI1_27,Successful,0,StartingWindow,Windows 10,909,1797,Eastern Standard Time,"ANGLE (Intel, Intel(R) Iris(R) Xe Graphics (0x00009A49) Direct3D11 vs_5_0 ps_5_0, D3D11)",0,17,10,1,256,1.22.27,0,Chrome 122,3,-1,2,120.758888,59.92178,DEFAULT,1,4,2366,5000,4,"{456, 183}",500,"{99, 293}",566,"{640, 122}",750,"{230, 224}",550,N/A,N/A,N/A,N/A,N/A,N/A,N/A,N/A,N/A,N/A,N/A,N/A,N/A,N/A,N/A,N/A,N/A,N/A,N/A,N/A,N/A,N/A,2024-03-06T18:31:50.6920000Z,N/A,N/A
38,2024-02-06T00:01:51.8610000Z,0ee16dab-8856-4515-98f8-0e446e23d1e4,WPI1_21,Successful,0,Real,Windows 10,799,1198,Eastern Standard Time,"ANGLE (Intel, Intel(R) UHD Graphics (0x00009A60) Direct3D11 vs_5_0 ps_5_0, D3D11)",0,17,10,1,128,1.22.27,0,Chrome 121,3,8000,0,120.492531,68.87043,DEFAULT,1,3,1866,4000,3,"{99, 293}",466,"{230, 224}",900,"{446, 61}",500,N/A,N/A,N/A,N/A,N/A,N/A,N/A,N/A,N/A,N/A,N/A,N/A,N/A,N/A,N/A,N/A,N/A,N/A,N/A,N/A,N/A,N/A,N/A,N/A,2024-02-06T00:01:51.8610000Z,N/A,N/A
39,2024-02-06T00:01:51.8610000Z,0ee16dab-8856-4515-98f8-0e446e23d1e4,WPI1_21,Successful,0,Real,Windows 10,799,1198,Eastern Standard Time,"ANGLE (Intel, Intel(R) UHD Graphics (0x00009A60) Direct3D11 vs_5_0 ps_5_0, D3D11)",0,17,10,1,128,1.22.27,0,Chrome 121,3,8000,1,121.108559,74.82935,DEFAULT,1,3,1634,4000,3,"{456, 183}",534,"{230, 224}",616,"{591, 244}",484,N/A,N/A,N/A,N/A,N/A,N/A,N/A,N/A,N/A,N/A,N/A,N/A,N/A,N/A,N/A,N/A,N/A,N/A,N/A,N/A,N/A,N/A,N/A,N/A,2024-02-06T00:01:51.8610000Z,N/A,N/A
40,2024-02-06T00:01:51.8610000Z,0ee16dab-8856-4515-98f8-0e446e23d1e4,WPI1_21,Successful,0,Real,Windows 10,799,1198,Eastern Standard Time,"ANGLE (Intel, Intel(R) UHD Graphics (0x00009A60) Direct3D11 vs_5_0 ps_5_0, D3D11)",0,17,10,1,128,1.22.27,0,Chrome 121,3,9000,2,121.530487,65.89561,DEFAULT,0,4,3284,5000,3,"{456, 183}",783,"{99, 293}",701,"{640, 122}",1800,"{230, 224}",N/A,N/A,N/A,N/A,N/A,N/A,N/A,N/A,N/A,N/A,N/A,N/A,N/A,N/A,N/A,N/A,N/A,N/A,N/A,N/A,N/A,N/A,N/A,2024-02-06T00:01:51.8610000Z,N/A,N/A
41,2024-02-06T00:01:51.8610000Z,0ee16dab-8856-4515-98f8-0e446e23d1e4,WPI1_21,Successful,0,Real,Windows 10,799,1198,Eastern Standard Time,"ANGLE (Intel, Intel(R) UHD Graphics (0x00009A60) Direct3D11 vs_5_0 ps_5_0, D3D11)",0,17,10,1,128,1.22.27,0,Chrome 121,3,9000,3,120.935913,79.7022552,DEFAULT,1,4,3367,5000,4,"{249, 41}",1500,"{640, 122}",584,"{99, 293}",750,"{49, 102}",533,N/A,N/A,N/A,N/A,N/A,N/A,N/A,N/A,N/A,N/A,N/A,N/A,N/A,N/A,N/A,N/A,N/A,N/A,N/A,N/A,N/A,N/A,2024-02-06T00:01:51.8610000Z,N/A,N/A
42,2024-02-06T00:01:51.8610000Z,0ee16dab-8856-4515-98f8-0e446e23d1e4,WPI1_21,Successful,0,Real,Windows 10,799,1198,Eastern Standard Time,"ANGLE (Intel, Intel(R) UHD Graphics (0x00009A60) Direct3D11 vs_5_0 ps_5_0, D3D11)",0,17,10,1,128,1.22.27,0,Chrome 121,3,9000,4,120.628571,66.0853653,DEFAULT,1,4,2267,5000,4,"{99, 293}",400,"{446, 61}",550,"{230, 224}",667,"{249, 41}",650,N/A,N/A,N/A,N/A,N/A,N/A,N/A,N/A,N/A,N/A,N/A,N/A,N/A,N/A,N/A,N/A,N/A,N/A,N/A,N/A,N/A,N/A,2024-02-06T00:01:51.8610000Z,N/A,N/A
43,2024-02-06T00:01:51.8610000Z,0ee16dab-8856-4515-98f8-0e446e23d1e4,WPI1_21,Successful,0,Real,Windows 10,799,1198,Eastern Standard Time,"ANGLE (Intel, Intel(R) UHD Graphics (0x00009A60) Direct3D11 vs_5_0 ps_5_0, D3D11)",0,17,10,1,128,1.22.27,0,Chrome 121,3,10000,5,121.106529,63.8808746,DEFAULT,1,5,2266,6000,5,"{99, 293}",333,"{427, 315}",433,"{591, 244}",667,"{230, 224}",417,"{249, 41}",416,N/A,N/A,N/A,N/A,N/A,N/A,N/A,N/A,N/A,N/A,N/A,N/A,N/A,N/A,N/A,N/A,N/A,N/A,N/A,N/A,2024-02-06T00:01:51.8610000Z,N/A,N/A
44,2024-02-06T00:01:51.8610000Z,0ee16dab-8856-4515-98f8-0e446e23d1e4,WPI1_21,Successful,0,Real,Windows 10,799,1198,Eastern Standard Time,"ANGLE (Intel, Intel(R) UHD Graphics (0x00009A60) Direct3D11 vs_5_0 ps_5_0, D3D11)",0,17,10,1,128,1.22.27,0,Chrome 121,3,10000,6,121.002174,81.16674,DEFAULT,1,5,2934,6000,5,"{640, 122}",367,"{230, 224}",567,"{99, 293}",816,"{456, 183}",484,"{446, 61}",700,N/A,N/A,N/A,N/A,N/A,N/A,N/A,N/A,N/A,N/A,N/A,N/A,N/A,N/A,N/A,N/A,N/A,N/A,N/A,N/A,2024-02-06T00:01:51.8610000Z,N/A,N/A
45,2024-02-06T00:01:51.8610000Z,0ee16dab-8856-4515-98f8-0e446e23d1e4,WPI1_21,Successful,0,Real,Windows 10,799,1198,Eastern Standard Time,"ANGLE (Intel, Intel(R) UHD Graphics (0x00009A60) Direct3D11 vs_5_0 ps_5_0, D3D11)",0,17,10,1,128,1.22.27,0,Chrome 121,3,11000,7,114.049736,259.777039,DEFAULT,1,6,3717,7000,6,"{446, 61}",367,"{49, 102}",467,"{456, 183}",383,"{230, 224}",850,"{427, 315}",1150,"{249, 41}",500,N/A,N/A,N/A,N/A,N/A,N/A,N/A,N/A,N/A,N/A,N/A,N/A,N/A,N/A,N/A,N/A,N/A,N/A,2024-02-06T00:01:51.8610000Z,N/A,N/A
46,2024-02-06T00:01:51.8610000Z,0ee16dab-8856-4515-98f8-0e446e23d1e4,WPI1_21,Successful,0,Real,Windows 10,799,1198,Eastern Standard Time,"ANGLE (Intel, Intel(R) UHD Graphics (0x00009A60) Direct3D11 vs_5_0 ps_5_0, D3D11)",0,17,10,1,128,1.22.27,0,Chrome 121,3,11000,8,119.477722,85.43472,DEFAULT,1,6,3366,7000,6,"{249, 41}",800,"{446, 61}",500,"{640, 122}",483,"{49, 102}",717,"{99, 293}",433,"{427, 315}",433,N/A,N/A,N/A,N/A,N/A,N/A,N/A,N/A,N/A,N/A,N/A,N/A,N/A,N/A,N/A,N/A,N/A,N/A,2024-02-06T00:01:51.8610000Z,N/A,N/A
47,2024-02-06T00:01:51.8610000Z,0ee16dab-8856-4515-98f8-0e446e23d1e4,WPI1_21,Successful,0,Real,Windows 10,799,1198,Eastern Standard Time,"ANGLE (Intel, Intel(R) UHD Graphics (0x00009A60) Direct3D11 vs_5_0 ps_5_0, D3D11)",0,17,10,1,128,1.22.27,0,Chrome 121,3,12000,9,120.939354,71.53169,DEFAULT,0,7,2150,8000,5,"{49, 102}",283,"{249, 41}",434,"{230, 224}",416,"{99, 293}",600,"{591, 244}",417,"{456, 183}",N/A,"{446, 61}",N/A,N/A,N/A,N/A,N/A,N/A,N/A,N/A,N/A,N/A,N/A,N/A,N/A,N/A,N/A,N/A,N/A,2024-02-06T00:01:51.8610000Z,N/A,N/A
48,2024-02-06T00:01:51.8610000Z,0ee16dab-8856-4515-98f8-0e446e23d1e4,WPI1_21,Successful,0,Real,Windows 10,799,1198,Eastern Standard Time,"ANGLE (Intel, Intel(R) UHD Graphics (0x00009A60) Direct3D11 vs_5_0 ps_5_0, D3D11)",0,17,10,1,128,1.22.27,0,Chrome 121,3,12000,10,120.682724,82.49664,DEFAULT,0,7,2684,8000,4,"{456, 183}",417,"{591, 244}",567,"{99, 293}",933,"{230, 224}",767,"{49, 102}",N/A,"{427, 315}",N/A,"{640, 122}",N/A,N/A,N/A,N/A,N/A,N/A,N/A,N/A,N/A,N/A,N/A,N/A,N/A,N/A,N/A,N/A,N/A,2024-02-06T00:01:51.8610000Z,N/A,N/A
49,2024-02-06T00:01:51.8610000Z,0ee16dab-8856-4515-98f8-0e446e23d1e4,WPI1_21,Successful,0,Real,Windows 10,799,1198,Eastern Standard Time,"ANGLE (Intel, Intel(R) UHD Graphics (0x00009A60) Direct3D11 vs_5_0 ps_5_0, D3D11)",0,17,10,1,128,1.22.27,0,Chrome 121,3,12000,11,121.275108,64.42282,DEFAULT,0,7,4283,8000,5,"{99, 293}",350,"{640, 122}",450,"{230, 224}",633,"{591, 244}",550,"{456, 183}",2300,"{249, 41}",N/A,"{446, 61}",N/A,N/A,N/A,N/A,N/A,N/A,N/A,N/A,N/A,N/A,N/A,N/A,N/A,N/A,N/A,N/A,N/A,2024-02-06T00:01:51.8610000Z,N/A,N/A
50,2024-02-06T00:01:25.3410000Z,0ee16dab-8856-4515-98f8-0e446e23d1e4,WPI1_21,Successful,0,StartingWindow,Windows 10,799,1198,Eastern Standard Time,"ANGLE (Intel, Intel(R) UHD Graphics (0x00009A60) Direct3D11 vs_5_0 ps_5_0, D3D11)",0,17,10,1,128,1.22.27,0,Chrome 121,3,-1,0,120.947594,68.38162,DEFAULT,1,3,1267,4000,3,"{99, 293}",383,"{230, 224}",450,"{446, 61}",434,N/A,N/A,N/A,N/A,N/A,N/A,N/A,N/A,N/A,N/A,N/A,N/A,N/A,N/A,N/A,N/A,N/A,N/A,N/A,N/A,N/A,N/A,N/A,N/A,2024-02-06T00:01:25.3410000Z,N/A,N/A
51,2024-02-06T00:01:25.3410000Z,0ee16dab-8856-4515-98f8-0e446e23d1e4,WPI1_21,Successful,0,StartingWindow,Windows 10,799,1198,Eastern Standard Time,"ANGLE (Intel, Intel(R) UHD Graphics (0x00009A60) Direct3D11 vs_5_0 ps_5_0, D3D11)",0,17,10,1,128,1.22.27,0,Chrome 121,3,-1,1,120.242409,100.742805,DEFAULT,1,3,1367,4000,3,"{456, 183}",367,"{230, 224}",483,"{591, 244}",517,N/A,N/A,N/A,N/A,N/A,N/A,N/A,N/A,N/A,N/A,N/A,N/A,N/A,N/A,N/A,N/A,N/A,N/A,N/A,N/A,N/A,N/A,N/A,N/A,2024-02-06T00:01:25.3410000Z,N/A,N/A
52,2024-02-06T00:01:25.3410000Z,0ee16dab-8856-4515-98f8-0e446e23d1e4,WPI1_21,Successful,0,StartingWindow,Windows 10,799,1198,Eastern Standard Time,"ANGLE (Intel, Intel(R) UHD Graphics (0x00009A60) Direct3D11 vs_5_0 ps_5_0, D3D11)",0,17,10,1,128,1.22.27,0,Chrome 121,3,-1,2,120.673363,76.06335,DEFAULT,0,4,684,5000,1,"{456, 183}",684,"{99, 293}",N/A,"{640, 122}",N/A,"{230, 224}",N/A,N/A,N/A,N/A,N/A,N/A,N/A,N/A,N/A,N/A,N/A,N/A,N/A,N/A,N/A,N/A,N/A,N/A,N/A,N/A,N/A,N/A,N/A,2024-02-06T00:01:25.3410000Z,N/A,N/A
53,2023-11-29T23:01:39.3510000Z,0ee16dab-8856-4515-98f8-0e446e23d1e4,WPI1_11,Successful,0,Real,Windows 10,1181,2097,Eastern Standard Time,"ANGLE (Intel, Intel(R) HD Graphics 520 (0x00001916) Direct3D11 vs_5_0 ps_5_0, D3D11)",0,17,10,1,128,1.22.27,0,Chrome 118,3,8000,0,53.4530258,40.2818,DEFAULT,1,3,6033,4000,3,"{99, 293}",3150,"{230, 224}",1983,"{446, 61}",900,N/A,N/A,N/A,N/A,N/A,N/A,N/A,N/A,N/A,N/A,N/A,N/A,N/A,N/A,N/A,N/A,N/A,N/A,N/A,N/A,N/A,N/A,N/A,N/A,2023-11-29T23:01:39.3510000Z,N/A,N/A
54,2023-11-29T23:01:39.3510000Z,0ee16dab-8856-4515-98f8-0e446e23d1e4,WPI1_11,Successful,0,Real,Windows 10,1181,2097,Eastern Standard Time,"ANGLE (Intel, Intel(R) HD Graphics 520 (0x00001916) Direct3D11 vs_5_0 ps_5_0, D3D11)",0,17,10,1,128,1.22.27,0,Chrome 118,3,8000,1,52.7770081,51.16937,DEFAULT,1,3,4600,4000,3,"{456, 183}",2383,"{230, 224}",1084,"{591, 244}",1133,N/A,N/A,N/A,N/A,N/A,N/A,N/A,N/A,N/A,N/A,N/A,N/A,N/A,N/A,N/A,N/A,N/A,N/A,N/A,N/A,N/A,N/A,N/A,N/A,2023-11-29T23:01:39.3510000Z,N/A,N/A
55,2023-11-29T23:01:39.3510000Z,0ee16dab-8856-4515-98f8-0e446e23d1e4,WPI1_11,Successful,0,Real,Windows 10,1181,2097,Eastern Standard Time,"ANGLE (Intel, Intel(R) HD Graphics 520 (0x00001916) Direct3D11 vs_5_0 ps_5_0, D3D11)",0,17,10,1,128,1.22.27,0,Chrome 118,3,9000,2,53.88949,41.2375,DEFAULT,1,4,6017,5000,4,"{456, 183}",2434,"{99, 293}",1283,"{640, 122}",1183,"{230, 224}",1117,N/A,N/A,N/A,N/A,N/A,N/A,N/A,N/A,N/A,N/A,N/A,N/A,N/A,N/A,N/A,N/A,N/A,N/A,N/A,N/A,N/A,N/A,2023-11-29T23:01:39.3510000Z,N/A,N/A
56,2023-11-29T23:01:39.3510000Z,0ee16dab-8856-4515-98f8-0e446e23d1e4,WPI1_11,Successful,0,Real,Windows 10,1181,2097,Eastern Standard Time,"ANGLE (Intel, Intel(R) HD Graphics 520 (0x00001916) Direct3D11 vs_5_0 ps_5_0, D3D11)",0,17,10,1,128,1.22.27,0,Chrome 118,3,9000,3,54.3701324,52.47034,DEFAULT,1,4,5667,5000,4,"{249, 41}",2384,"{640, 122}",1066,"{99, 293}",1201,"{49, 102}",1016,N/A,N/A,N/A,N/A,N/A,N/A,N/A,N/A,N/A,N/A,N/A,N/A,N/A,N/A,N/A,N/A,N/A,N/A,N/A,N/A,N/A,N/A,2023-11-29T23:01:39.3510000Z,N/A,N/A
57,2023-11-29T23:01:39.3510000Z,0ee16dab-8856-4515-98f8-0e446e23d1e4,WPI1_11,Successful,0,Real,Windows 10,1181,2097,Eastern Standard Time,"ANGLE (Intel, Intel(R) HD Graphics 520 (0x00001916) Direct3D11 vs_5_0 ps_5_0, D3D11)",0,17,10,1,128,1.22.27,0,Chrome 118,3,10000,4,52.0449257,48.5946121,DEFAULT,1,5,7183,6000,5,"{99, 293}",2716,"{427, 315}",917,"{591, 244}",1267,"{230, 224}",1050,"{249, 41}",1233,N/A,N/A,N/A,N/A,N/A,N/A,N/A,N/A,N/A,N/A,N/A,N/A,N/A,N/A,N/A,N/A,N/A,N/A,N/A,N/A,2023-11-29T23:01:39.3510000Z,N/A,N/A
58,2023-11-29T23:01:39.3510000Z,0ee16dab-8856-4515-98f8-0e446e23d1e4,WPI1_11,Successful,0,Real,Windows 10,1181,2097,Eastern Standard Time,"ANGLE (Intel, Intel(R) HD Graphics 520 (0x00001916) Direct3D11 vs_5_0 ps_5_0, D3D11)",0,17,10,1,128,1.22.27,0,Chrome 118,3,10000,5,53.4190865,53.4093781,DEFAULT,0,5,2917,6000,1,"{640, 122}",2917,"{230, 224}",N/A,"{99, 293}",N/A,"{456, 183}",N/A,"{446, 61}",N/A,N/A,N/A,N/A,N/A,N/A,N/A,N/A,N/A,N/A,N/A,N/A,N/A,N/A,N/A,N/A,N/A,N/A,N/A,N/A,N/A,2023-11-29T23:01:39.3510000Z,N/A,N/A
59,2023-11-29T23:01:39.3510000Z,0ee16dab-8856-4515-98f8-0e446e23d1e4,WPI1_11,Successful,0,Real,Windows 10,1181,2097,Eastern Standard Time,"ANGLE (Intel, Intel(R) HD Graphics 520 (0x00001916) Direct3D11 vs_5_0 ps_5_0, D3D11)",0,17,10,1,128,1.22.27,0,Chrome 118,3,10000,6,52.423584,52.87359,DEFAULT,1,5,7066,6000,5,"{249, 41}",1833,"{446, 61}",2050,"{640, 122}",1150,"{427, 315}",1017,"{230, 224}",1016,N/A,N/A,N/A,N/A,N/A,N/A,N/A,N/A,N/A,N/A,N/A,N/A,N/A,N/A,N/A,N/A,N/A,N/A,N/A,N/A,2023-11-29T23:01:39.3510000Z,N/A,N/A
60,2023-11-29T23:01:39.3510000Z,0ee16dab-8856-4515-98f8-0e446e23d1e4,WPI1_11,Successful,0,Real,Windows 10,1181,2097,Eastern Standard Time,"ANGLE (Intel, Intel(R) HD Graphics 520 (0x00001916) Direct3D11 vs_5_0 ps_5_0, D3D11)",0,17,10,1,128,1.22.27,0,Chrome 118,3,10000,7,52.90033,54.5246048,DEFAULT,0,5,7117,6000,3,"{230, 224}",3183,"{640, 122}",2834,"{456, 183}",1100,"{591, 244}",N/A,"{249, 41}",N/A,N/A,N/A,N/A,N/A,N/A,N/A,N/A,N/A,N/A,N/A,N/A,N/A,N/A,N/A,N/A,N/A,N/A,N/A,N/A,N/A,2023-11-29T23:01:39.3510000Z,N/A,N/A
61,2023-11-29T23:01:39.3510000Z,0ee16dab-8856-4515-98f8-0e446e23d1e4,WPI1_11,Successful,0,Real,Windows 10,1181,2097,Eastern Standard Time,"ANGLE (Intel, Intel(R) HD Graphics 520 (0x00001916) Direct3D11 vs_5_0 ps_5_0, D3D11)",0,17,10,1,128,1.22.27,0,Chrome 118,3,10000,8,53.75459,43.41024,DEFAULT,0,5,7883,6000,3,"{99, 293}",5416,"{249, 41}",1167,"{230, 224}",1300,"{591, 244}",N/A,"{49, 102}",N/A,N/A,N/A,N/A,N/A,N/A,N/A,N/A,N/A,N/A,N/A,N/A,N/A,N/A,N/A,N/A,N/A,N/A,N/A,N/A,N/A,2023-11-29T23:01:39.3510000Z,N/A,N/A
62,2023-11-29T23:01:39.3510000Z,0ee16dab-8856-4515-98f8-0e446e23d1e4,WPI1_11,Successful,0,Real,Windows 10,1181,2097,Eastern Standard Time,"ANGLE (Intel, Intel(R) HD Graphics 520 (0x00001916) Direct3D11 vs_5_0 ps_5_0, D3D11)",0,17,10,1,128,1.22.27,0,Chrome 118,3,10000,9,53.0369453,50.00995,DEFAULT,0,5,5033,6000,3,"{591, 244}",2517,"{640, 122}",1283,"{446, 61}",1233,"{49, 102}",N/A,"{249, 41}",N/A,N/A,N/A,N/A,N/A,N/A,N/A,N/A,N/A,N/A,N/A,N/A,N/A,N/A,N/A,N/A,N/A,N/A,N/A,N/A,N/A,2023-11-29T23:01:39.3510000Z,N/A,N/A
63,2023-11-29T22:58:04.9980000Z,0ee16dab-8856-4515-98f8-0e446e23d1e4,WPI1_9,Successful,0,Real,Mac OS X 10_15_7,1170,2396,Eastern Standard Time,"ANGLE (Intel Inc., Intel Iris OpenGL Engine, OpenGL 4.1)",0,17,30,1,256,1.22.27,0,Chrome 119,3,8000,0,47.0683479,326.914154,DEFAULT,1,3,2133,4000,3,"{99, 293}",583,"{230, 224}",784,"{446, 61}",766,N/A,N/A,N/A,N/A,N/A,N/A,N/A,N/A,N/A,N/A,N/A,N/A,N/A,N/A,N/A,N/A,N/A,N/A,N/A,N/A,N/A,N/A,N/A,N/A,2023-11-29T22:58:04.9980000Z,N/A,N/A
64,2023-11-29T22:58:04.9980000Z,0ee16dab-8856-4515-98f8-0e446e23d1e4,WPI1_9,Successful,0,Real,Mac OS X 10_15_7,1170,2396,Eastern Standard Time,"ANGLE (Intel Inc., Intel Iris OpenGL Engine, OpenGL 4.1)",0,17,30,1,256,1.22.27,0,Chrome 119,3,8000,1,47.2547874,357.339966,DEFAULT,1,3,1733,4000,3,"{456, 183}",533,"{230, 224}",634,"{591, 244}",566,N/A,N/A,N/A,N/A,N/A,N/A,N/A,N/A,N/A,N/A,N/A,N/A,N/A,N/A,N/A,N/A,N/A,N/A,N/A,N/A,N/A,N/A,N/A,N/A,2023-11-29T22:58:04.9980000Z,N/A,N/A
65,2023-11-29T22:58:04.9980000Z,0ee16dab-8856-4515-98f8-0e446e23d1e4,WPI1_9,Successful,0,Real,Mac OS X 10_15_7,1170,2396,Eastern Standard Time,"ANGLE (Intel Inc., Intel Iris OpenGL Engine, OpenGL 4.1)",0,17,30,1,256,1.22.27,0,Chrome 119,3,9000,2,47.34053,364.538269,DEFAULT,1,4,3200,5000,4,"{456, 183}",1416,"{99, 293}",584,"{640, 122}",600,"{230, 224}",600,N/A,N/A,N/A,N/A,N/A,N/A,N/A,N/A,N/A,N/A,N/A,N/A,N/A,N/A,N/A,N/A,N/A,N/A,N/A,N/A,N/A,N/A,2023-11-29T22:58:04.9980000Z,N/A,N/A
66,2023-11-29T22:58:04.9980000Z,0ee16dab-8856-4515-98f8-0e446e23d1e4,WPI1_9,Successful,0,Real,Mac OS X 10_15_7,1170,2396,Eastern Standard Time,"ANGLE (Intel Inc., Intel Iris OpenGL Engine, OpenGL 4.1)",0,17,30,1,256,1.22.27,0,Chrome 119,3,9000,3,46.90746,345.281,DEFAULT,1,4,3617,5000,4,"{249, 41}",1667,"{640, 122}",516,"{99, 293}",917,"{49, 102}",517,N/A,N/A,N/A,N/A,N/A,N/A,N/A,N/A,N/A,N/A,N/A,N/A,N/A,N/A,N/A,N/A,N/A,N/A,N/A,N/A,N/A,N/A,2023-11-29T22:58:04.9980000Z,N/A,N/A
67,2023-11-29T22:58:04.9980000Z,0ee16dab-8856-4515-98f8-0e446e23d1e4,WPI1_9,Successful,0,Real,Mac OS X 10_15_7,1170,2396,Eastern Standard Time,"ANGLE (Intel Inc., Intel Iris OpenGL Engine, OpenGL 4.1)",0,17,30,1,256,1.22.27,0,Chrome 119,3,10000,4,46.71931,351.248962,DEFAULT,1,5,2617,6000,5,"{99, 293}",534,"{427, 315}",416,"{591, 244}",567,"{230, 224}",383,"{249, 41}",717,N/A,N/A,N/A,N/A,N/A,N/A,N/A,N/A,N/A,N/A,N/A,N/A,N/A,N/A,N/A,N/A,N/A,N/A,N/A,N/A,2023-11-29T22:58:04.9980000Z,N/A,N/A
68,2023-11-29T22:58:04.9980000Z,0ee16dab-8856-4515-98f8-0e446e23d1e4,WPI1_9,Successful,0,Real,Mac OS X 10_15_7,1170,2396,Eastern Standard Time,"ANGLE (Intel Inc., Intel Iris OpenGL Engine, OpenGL 4.1)",0,17,30,1,256,1.22.27,0,Chrome 119,3,10000,5,48.2282333,394.9148,DEFAULT,0,5,2750,6000,4,"{640, 122}",800,"{230, 224}",383,"{99, 293}",1184,"{456, 183}",383,"{446, 61}",N/A,N/A,N/A,N/A,N/A,N/A,N/A,N/A,N/A,N/A,N/A,N/A,N/A,N/A,N/A,N/A,N/A,N/A,N/A,N/A,N/A,2023-11-29T22:58:04.9980000Z,N/A,N/A
69,2023-11-29T22:58:04.9980000Z,0ee16dab-8856-4515-98f8-0e446e23d1e4,WPI1_9,Successful,0,Real,Mac OS X 10_15_7,1170,2396,Eastern Standard Time,"ANGLE (Intel Inc., Intel Iris OpenGL Engine, OpenGL 4.1)",0,17,30,1,256,1.22.27,0,Chrome 119,3,10000,6,47.8132668,379.2744,DEFAULT,1,5,3034,6000,5,"{249, 41}",1151,"{446, 61}",400,"{640, 122}",566,"{427, 315}",450,"{230, 224}",467,N/A,N/A,N/A,N/A,N/A,N/A,N/A,N/A,N/A,N/A,N/A,N/A,N/A,N/A,N/A,N/A,N/A,N/A,N/A,N/A,2023-11-29T22:58:04.9980000Z,N/A,N/A
70,2023-11-29T22:58:04.9980000Z,0ee16dab-8856-4515-98f8-0e446e23d1e4,WPI1_9,Successful,0,Real,Mac OS X 10_15_7,1170,2396,Eastern Standard Time,"ANGLE (Intel Inc., Intel Iris OpenGL Engine, OpenGL 4.1)",0,17,30,1,256,1.22.27,0,Chrome 119,3,10000,7,47.9525871,383.5785,DEFAULT,1,5,3417,6000,5,"{230, 224}",1417,"{640, 122}",516,"{456, 183}",417,"{591, 244}",467,"{249, 41}",600,N/A,N/A,N/A,N/A,N/A,N/A,N/A,N/A,N/A,N/A,N/A,N/A,N/A,N/A,N/A,N/A,N/A,N/A,N/A,N/A,2023-11-29T22:58:04.9980000Z,N/A,N/A
71,2023-11-29T22:58:04.9980000Z,0ee16dab-8856-4515-98f8-0e446e23d1e4,WPI1_9,Successful,0,Real,Mac OS X 10_15_7,1170,2396,Eastern Standard Time,"ANGLE (Intel Inc., Intel Iris OpenGL Engine, OpenGL 4.1)",0,17,30,1,256,1.22.27,0,Chrome 119,3,11000,8,45.89853,345.721619,DEFAULT,0,6,5516,7000,6,"{446, 61}",883,"{49, 102}",517,"{456, 183}",916,"{230, 224}",1134,"{427, 315}",1583,"{249, 41}",483,N/A,N/A,N/A,N/A,N/A,N/A,N/A,N/A,N/A,N/A,N/A,N/A,N/A,N/A,N/A,N/A,N/A,N/A,2023-11-29T22:58:04.9980000Z,N/A,N/A
72,2023-11-29T22:58:04.9980000Z,0ee16dab-8856-4515-98f8-0e446e23d1e4,WPI1_9,Successful,0,Real,Mac OS X 10_15_7,1170,2396,Eastern Standard Time,"ANGLE (Intel Inc., Intel Iris OpenGL Engine, OpenGL 4.1)",0,17,30,1,256,1.22.27,0,Chrome 119,3,11000,9,44.72732,335.099152,DEFAULT,1,6,4100,7000,6,"{249, 41}",983,"{446, 61}",600,"{640, 122}",617,"{49, 102}",883,"{99, 293}",467,"{427, 315}",550,N/A,N/A,N/A,N/A,N/A,N/A,N/A,N/A,N/A,N/A,N/A,N/A,N/A,N/A,N/A,N/A,N/A,N/A,2023-11-29T22:58:04.9980000Z,N/A,N/A
73,2023-11-29T22:58:04.9980000Z,0ee16dab-8856-4515-98f8-0e446e23d1e4,WPI1_9,Successful,0,Real,Mac OS X 10_15_7,1170,2396,Eastern Standard Time,"ANGLE (Intel Inc., Intel Iris OpenGL Engine, OpenGL 4.1)",0,17,30,1,256,1.22.27,0,Chrome 119,3,11000,10,44.3268623,320.547974,DEFAULT,1,6,6250,7000,6,"{249, 41}",1333,"{99, 293}",717,"{49, 102}",683,"{591, 244}",2467,"{230, 224}",400,"{640, 122}",650,N/A,N/A,N/A,N/A,N/A,N/A,N/A,N/A,N/A,N/A,N/A,N/A,N/A,N/A,N/A,N/A,N/A,N/A,2023-11-29T22:58:04.9980000Z,N/A,N/A
74,2023-11-29T22:58:04.9980000Z,0ee16dab-8856-4515-98f8-0e446e23d1e4,WPI1_9,Successful,0,Real,Mac OS X 10_15_7,1170,2396,Eastern Standard Time,"ANGLE (Intel Inc., Intel Iris OpenGL Engine, OpenGL 4.1)",0,17,30,1,256,1.22.27,0,Chrome 119,3,12000,11,47.19024,392.8792,DEFAULT,1,7,5033,8000,7,"{49, 102}",2050,"{249, 41}",483,"{230, 224}",383,"{99, 293}",834,"{591, 244}",383,"{456, 183}",433,"{446, 61}",467,N/A,N/A,N/A,N/A,N/A,N/A,N/A,N/A,N/A,N/A,N/A,N/A,N/A,N/A,N/A,N/A,2023-11-29T22:58:04.9980000Z,N/A,N/A
75,2023-11-29T22:58:04.9980000Z,0ee16dab-8856-4515-98f8-0e446e23d1e4,WPI1_9,Successful,0,Real,Mac OS X 10_15_7,1170,2396,Eastern Standard Time,"ANGLE (Intel Inc., Intel Iris OpenGL Engine, OpenGL 4.1)",0,17,30,1,256,1.22.27,0,Chrome 119,3,12000,12,44.70058,358.217133,DEFAULT,0,7,7600,8000,7,"{456, 183}",1550,"{591, 244}",950,"{99, 293}",750,"{230, 224}",1334,"{49, 102}",916,"{427, 315}",1617,"{640, 122}",483,N/A,N/A,N/A,N/A,N/A,N/A,N/A,N/A,N/A,N/A,N/A,N/A,N/A,N/A,N/A,N/A,2023-11-29T22:58:04.9980000Z,N/A,N/A
76,2023-11-29T22:58:04.9980000Z,0ee16dab-8856-4515-98f8-0e446e23d1e4,WPI1_9,Successful,0,Real,Mac OS X 10_15_7,1170,2396,Eastern Standard Time,"ANGLE (Intel Inc., Intel Iris OpenGL Engine, OpenGL 4.1)",0,17,30,1,256,1.22.27,0,Chrome 119,3,12000,13,44.6209,285.942017,DEFAULT,0,7,7484,8000,7,"{99, 293}",2034,"{640, 122}",566,"{230, 224}",467,"{591, 244}",350,"{456, 183}",1767,"{249, 41}",1800,"{446, 61}",500,N/A,N/A,N/A,N/A,N/A,N/A,N/A,N/A,N/A,N/A,N/A,N/A,N/A,N/A,N/A,N/A,2023-11-29T22:58:04.9980000Z,N/A,N/A
77,2023-11-29T22:58:04.9980000Z,0ee16dab-8856-4515-98f8-0e446e23d1e4,WPI1_9,Successful,0,Real,Mac OS X 10_15_7,1170,2396,Eastern Standard Time,"ANGLE (Intel Inc., Intel Iris OpenGL Engine, OpenGL 4.1)",0,17,30,1,256,1.22.27,0,Chrome 119,3,12000,14,44.0103073,301.432159,DEFAULT,1,7,6267,8000,7,"{249, 41}",1850,"{446, 61}",2084,"{230, 224}",400,"{456, 183}",416,"{591, 244}",584,"{640, 122}",533,"{99, 293}",400,N/A,N/A,N/A,N/A,N/A,N/A,N/A,N/A,N/A,N/A,N/A,N/A,N/A,N/A,N/A,N/A,2023-11-29T22:58:04.9980000Z,N/A,N/A
78,2023-11-29T22:58:04.9980000Z,0ee16dab-8856-4515-98f8-0e446e23d1e4,WPI1_9,Successful,0,Real,Mac OS X 10_15_7,1170,2396,Eastern Standard Time,"ANGLE (Intel Inc., Intel Iris OpenGL Engine, OpenGL 4.1)",0,17,30,1,256,1.22.27,0,Chrome 119,3,12000,15,46.773037,337.0956,DEFAULT,0,7,3016,8000,4,"{49, 102}",1133,"{591, 244}",633,"{230, 224}",734,"{446, 61}",516,"{427, 315}",N/A,"{249, 41}",N/A,"{640, 122}",N/A,N/A,N/A,N/A,N/A,N/A,N/A,N/A,N/A,N/A,N/A,N/A,N/A,N/A,N/A,N/A,N/A,2023-11-29T22:58:04.9980000Z,N/A,N/A
79,2023-11-29T22:58:04.9980000Z,0ee16dab-8856-4515-98f8-0e446e23d1e4,WPI1_9,Successful,0,Real,Mac OS X 10_15_7,1170,2396,Eastern Standard Time,"ANGLE (Intel Inc., Intel Iris OpenGL Engine, OpenGL 4.1)",0,17,30,1,256,1.22.27,0,Chrome 119,3,12000,16,44.8542442,269.977264,DEFAULT,0,7,2617,8000,3,"{49, 102}",800,"{456, 183}",600,"{640, 122}",1217,"{249, 41}",N/A,"{230, 224}",N/A,"{591, 244}",N/A,"{427, 315}",N/A,N/A,N/A,N/A,N/A,N/A,N/A,N/A,N/A,N/A,N/A,N/A,N/A,N/A,N/A,N/A,N/A,2023-11-29T22:58:04.9980000Z,N/A,N/A
80,2023-11-29T22:58:04.9980000Z,0ee16dab-8856-4515-98f8-0e446e23d1e4,WPI1_9,Successful,0,Real,Mac OS X 10_15_7,1170,2396,Eastern Standard Time,"ANGLE (Intel Inc., Intel Iris OpenGL Engine, OpenGL 4.1)",0,17,30,1,256,1.22.27,0,Chrome 119,3,12000,17,45.03921,320.08255,DEFAULT,1,7,5167,8000,7,"{446, 61}",1250,"{249, 41}",417,"{640, 122}",383,"{49, 102}",1100,"{591, 244}",733,"{427, 315}",551,"{456, 183}",733,N/A,N/A,N/A,N/A,N/A,N/A,N/A,N/A,N/A,N/A,N/A,N/A,N/A,N/A,N/A,N/A,2023-11-29T22:58:04.9980000Z,N/A,N/A
81,2023-11-29T22:58:04.9980000Z,0ee16dab-8856-4515-98f8-0e446e23d1e4,WPI1_9,Successful,0,Real,Mac OS X 10_15_7,1170,2396,Eastern Standard Time,"ANGLE (Intel Inc., Intel Iris OpenGL Engine, OpenGL 4.1)",0,17,30,1,256,1.22.27,0,Chrome 119,3,12000,18,44.442894,283.786224,DEFAULT,1,7,5684,8000,7,"{446, 61}",1417,"{640, 122}",433,"{249, 41}",450,"{456, 183}",1334,"{99, 293}",833,"{230, 224}",550,"{49, 102}",667,N/A,N/A,N/A,N/A,N/A,N/A,N/A,N/A,N/A,N/A,N/A,N/A,N/A,N/A,N/A,N/A,2023-11-29T22:58:04.9980000Z,N/A,N/A
82,2023-11-29T22:58:04.9980000Z,0ee16dab-8856-4515-98f8-0e446e23d1e4,WPI1_9,Successful,0,Real,Mac OS X 10_15_7,1170,2396,Eastern Standard Time,"ANGLE (Intel Inc., Intel Iris OpenGL Engine, OpenGL 4.1)",0,17,30,1,256,1.22.27,0,Chrome 119,3,13000,19,47.17673,357.458221,DEFAULT,0,8,3117,9000,4,"{591, 244}",884,"{230, 224}",800,"{49, 102}",716,"{456, 183}",717,"{249, 41}",N/A,"{427, 315}",N/A,"{99, 293}",N/A,"{640, 122}",N/A,N/A,N/A,N/A,N/A,N/A,N/A,N/A,N/A,N/A,N/A,N/A,N/A,N/A,N/A,2023-11-29T22:58:04.9980000Z,N/A,N/A
83,2023-11-29T22:58:04.9980000Z,0ee16dab-8856-4515-98f8-0e446e23d1e4,WPI1_9,Successful,0,Real,Mac OS X 10_15_7,1170,2396,Eastern Standard Time,"ANGLE (Intel Inc., Intel Iris OpenGL Engine, OpenGL 4.1)",0,17,30,1,256,1.22.27,0,Chrome 119,3,13000,20,46.8412,339.9129,DEFAULT,1,8,6150,9000,8,"{591, 244}",1367,"{446, 61}",1566,"{456, 183}",517,"{427, 315}",700,"{249, 41}",917,"{99, 293}",383,"{49, 102}",317,"{640, 122}",383,N/A,N/A,N/A,N/A,N/A,N/A,N/A,N/A,N/A,N/A,N/A,N/A,N/A,N/A,2023-11-29T22:58:04.9980000Z,N/A,N/A
84,2023-11-29T22:58:04.9980000Z,0ee16dab-8856-4515-98f8-0e446e23d1e4,WPI1_9,Successful,0,Real,Mac OS X 10_15_7,1170,2396,Eastern Standard Time,"ANGLE (Intel Inc., Intel Iris OpenGL Engine, OpenGL 4.1)",0,17,30,1,256,1.22.27,0,Chrome 119,3,13000,21,48.21018,383.263733,DEFAULT,0,8,3884,9000,6,"{427, 315}",667,"{446, 61}",433,"{591, 244}",500,"{640, 122}",1484,"{456, 183}",433,"{249, 41}",367,"{99, 293}",N/A,"{230, 224}",N/A,N/A,N/A,N/A,N/A,N/A,N/A,N/A,N/A,N/A,N/A,N/A,N/A,N/A,N/A,2023-11-29T22:58:04.9980000Z,N/A,N/A
85,2023-11-29T22:58:04.9980000Z,0ee16dab-8856-4515-98f8-0e446e23d1e4,WPI1_9,Successful,0,Real,Mac OS X 10_15_7,1170,2396,Eastern Standard Time,"ANGLE (Intel Inc., Intel Iris OpenGL Engine, OpenGL 4.1)",0,17,30,1,256,1.22.27,0,Chrome 119,3,13000,22,48.0570755,398.133026,DEFAULT,0,8,6184,9000,7,"{446, 61}",934,"{230, 224}",383,"{640, 122}",350,"{456, 183}",750,"{427, 315}",1717,"{249, 41}",1716,"{49, 102}",334,"{99, 293}",N/A,N/A,N/A,N/A,N/A,N/A,N/A,N/A,N/A,N/A,N/A,N/A,N/A,N/A,N/A,2023-11-29T22:58:04.9980000Z,N/A,N/A
86,2023-11-29T22:58:04.9980000Z,0ee16dab-8856-4515-98f8-0e446e23d1e4,WPI1_9,Successful,0,Real,Mac OS X 10_15_7,1170,2396,Eastern Standard Time,"ANGLE (Intel Inc., Intel Iris OpenGL Engine, OpenGL 4.1)",0,17,30,1,256,1.22.27,0,Chrome 119,3,13000,23,48.74437,407.61792,DEFAULT,0,8,2067,9000,3,"{446, 61}",617,"{456, 183}",483,"{99, 293}",967,"{230, 224}",N/A,"{49, 102}",N/A,"{249, 41}",N/A,"{591, 244}",N/A,"{427, 315}",N/A,N/A,N/A,N/A,N/A,N/A,N/A,N/A,N/A,N/A,N/A,N/A,N/A,N/A,N/A,2023-11-29T22:58:04.9980000Z,N/A,N/A
87,2023-11-29T23:00:58.0590000Z,0ee16dab-8856-4515-98f8-0e446e23d1e4,WPI1_11,Successful,0,StartingWindow,Windows 10,1181,2097,Eastern Standard Time,"ANGLE (Intel, Intel(R) HD Graphics 520 (0x00001916) Direct3D11 vs_5_0 ps_5_0, D3D11)",0,17,10,1,128,1.22.27,0,Chrome 118,3,-1,0,53.3144341,66.86364,DEFAULT,1,3,3334,4000,3,"{99, 293}",1484,"{230, 224}",1033,"{446, 61}",817,N/A,N/A,N/A,N/A,N/A,N/A,N/A,N/A,N/A,N/A,N/A,N/A,N/A,N/A,N/A,N/A,N/A,N/A,N/A,N/A,N/A,N/A,N/A,N/A,2023-11-29T23:00:58.0590000Z,N/A,N/A
88,2023-11-29T23:00:58.0590000Z,0ee16dab-8856-4515-98f8-0e446e23d1e4,WPI1_11,Successful,0,StartingWindow,Windows 10,1181,2097,Eastern Standard Time,"ANGLE (Intel, Intel(R) HD Graphics 520 (0x00001916) Direct3D11 vs_5_0 ps_5_0, D3D11)",0,17,10,1,128,1.22.27,0,Chrome 118,3,-1,1,54.0629272,47.20528,DEFAULT,1,3,4667,4000,3,"{456, 183}",2250,"{230, 224}",1217,"{591, 244}",1200,N/A,N/A,N/A,N/A,N/A,N/A,N/A,N/A,N/A,N/A,N/A,N/A,N/A,N/A,N/A,N/A,N/A,N/A,N/A,N/A,N/A,N/A,N/A,N/A,2023-11-29T23:00:58.0590000Z,N/A,N/A
89,2023-11-29T23:00:58.0590000Z,0ee16dab-8856-4515-98f8-0e446e23d1e4,WPI1_11,Successful,0,StartingWindow,Windows 10,1181,2097,Eastern Standard Time,"ANGLE (Intel, Intel(R) HD Graphics 520 (0x00001916) Direct3D11 vs_5_0 ps_5_0, D3D11)",0,17,10,1,128,1.22.27,0,Chrome 118,3,-1,2,52.62558,48.9241829,DEFAULT,1,4,8500,5000,4,"{456, 183}",4300,"{99, 293}",1750,"{640, 122}",1183,"{230, 224}",1267,N/A,N/A,N/A,N/A,N/A,N/A,N/A,N/A,N/A,N/A,N/A,N/A,N/A,N/A,N/A,N/A,N/A,N/A,N/A,N/A,N/A,N/A,2023-11-29T23:00:58.0590000Z,N/A,N/A
90,2023-11-29T22:58:32.0260000Z,0ee16dab-8856-4515-98f8-0e446e23d1e4,WPI1_8,Successful,0,Real,Mac OS X 10_15_7,1598,2396,Eastern Standard Time,Apple GPU,0,17,10,1,128,1.22.27,0,Safari 16.5,3,8000,0,56.6201935,1654.12158,DEFAULT,1,3,2234,4000,3,"{99, 293}",851,"{230, 224}",833,"{446, 61}",550,N/A,N/A,N/A,N/A,N/A,N/A,N/A,N/A,N/A,N/A,N/A,N/A,N/A,N/A,N/A,N/A,N/A,N/A,N/A,N/A,N/A,N/A,N/A,N/A,2023-11-29T22:58:32.0260000Z,N/A,N/A
91,2023-11-29T22:58:32.0260000Z,0ee16dab-8856-4515-98f8-0e446e23d1e4,WPI1_8,Successful,0,Real,Mac OS X 10_15_7,1598,2396,Eastern Standard Time,Apple GPU,0,17,10,1,128,1.22.27,0,Safari 16.5,3,8000,1,60.2690659,1773.29785,DEFAULT,1,3,2600,4000,3,"{456, 183}",1317,"{230, 224}",633,"{591, 244}",650,N/A,N/A,N/A,N/A,N/A,N/A,N/A,N/A,N/A,N/A,N/A,N/A,N/A,N/A,N/A,N/A,N/A,N/A,N/A,N/A,N/A,N/A,N/A,N/A,2023-11-29T22:58:32.0260000Z,N/A,N/A
92,2023-11-29T22:58:32.0260000Z,0ee16dab-8856-4515-98f8-0e446e23d1e4,WPI1_8,Successful,0,Real,Mac OS X 10_15_7,1598,2396,Eastern Standard Time,Apple GPU,0,17,10,1,128,1.22.27,0,Safari 16.5,3,9000,2,56.83307,1650.97107,DEFAULT,1,4,4133,5000,4,"{456, 183}",1733,"{99, 293}",934,"{640, 122}",716,"{230, 224}",750,N/A,N/A,N/A,N/A,N/A,N/A,N/A,N/A,N/A,N/A,N/A,N/A,N/A,N/A,N/A,N/A,N/A,N/A,N/A,N/A,N/A,N/A,2023-11-29T22:58:32.0260000Z,N/A,N/A
93,2023-11-29T22:58:32.0260000Z,0ee16dab-8856-4515-98f8-0e446e23d1e4,WPI1_8,Successful,0,Real,Mac OS X 10_15_7,1598,2396,Eastern Standard Time,Apple GPU,0,17,10,1,128,1.22.27,0,Safari 16.5,3,9000,3,57.43958,1740.47766,DEFAULT,1,4,5050,5000,4,"{249, 41}",2867,"{640, 122}",549,"{99, 293}",851,"{49, 102}",783,N/A,N/A,N/A,N/A,N/A,N/A,N/A,N/A,N/A,N/A,N/A,N/A,N/A,N/A,N/A,N/A,N/A,N/A,N/A,N/A,N/A,N/A,2023-11-29T22:58:32.0260000Z,N/A,N/A
94,2023-11-29T22:58:32.0260000Z,0ee16dab-8856-4515-98f8-0e446e23d1e4,WPI1_8,Successful,0,Real,Mac OS X 10_15_7,1598,2396,Eastern Standard Time,Apple GPU,0,17,10,1,128,1.22.27,0,Safari 16.5,3,10000,4,59.330555,1718.33813,DEFAULT,1,5,4683,6000,5,"{99, 293}",2217,"{427, 315}",566,"{591, 244}",734,"{230, 224}",516,"{249, 41}",650,N/A,N/A,N/A,N/A,N/A,N/A,N/A,N/A,N/A,N/A,N/A,N/A,N/A,N/A,N/A,N/A,N/A,N/A,N/A,N/A,2023-11-29T22:58:32.0260000Z,N/A,N/A
95,2023-11-29T22:58:32.0260000Z,0ee16dab-8856-4515-98f8-0e446e23d1e4,WPI1_8,Successful,0,Real,Mac OS X 10_15_7,1598,2396,Eastern Standard Time,Apple GPU,0,17,10,1,128,1.22.27,0,Safari 16.5,3,10000,5,59.7092743,1705.85986,DEFAULT,1,5,5867,6000,5,"{640, 122}",3050,"{230, 224}",617,"{99, 293}",683,"{456, 183}",684,"{446, 61}",833,N/A,N/A,N/A,N/A,N/A,N/A,N/A,N/A,N/A,N/A,N/A,N/A,N/A,N/A,N/A,N/A,N/A,N/A,N/A,N/A,2023-11-29T22:58:32.0260000Z,N/A,N/A
96,2023-11-29T22:58:32.0260000Z,0ee16dab-8856-4515-98f8-0e446e23d1e4,WPI1_8,Successful,0,Real,Mac OS X 10_15_7,1598,2396,Eastern Standard Time,Apple GPU,0,17,10,1,128,1.22.27,0,Safari 16.5,3,11000,6,58.27512,1660.63013,DEFAULT,1,6,6134,7000,6,"{446, 61}",1650,"{49, 102}",700,"{456, 183}",767,"{230, 224}",567,"{427, 315}",1283,"{249, 41}",1167,N/A,N/A,N/A,N/A,N/A,N/A,N/A,N/A,N/A,N/A,N/A,N/A,N/A,N/A,N/A,N/A,N/A,N/A,2023-11-29T22:58:32.0260000Z,N/A,N/A
97,2023-11-29T22:58:32.0260000Z,0ee16dab-8856-4515-98f8-0e446e23d1e4,WPI1_8,Successful,0,Real,Mac OS X 10_15_7,1598,2396,Eastern Standard Time,Apple GPU,0,17,10,1,128,1.22.27,0,Safari 16.5,3,11000,7,58.5179443,1724.9325,DEFAULT,1,6,5750,7000,6,"{249, 41}",1584,"{446, 61}",750,"{640, 122}",666,"{49, 102}",850,"{99, 293}",767,"{427, 315}",1133,N/A,N/A,N/A,N/A,N/A,N/A,N/A,N/A,N/A,N/A,N/A,N/A,N/A,N/A,N/A,N/A,N/A,N/A,2023-11-29T22:58:32.0260000Z,N/A,N/A
98,2023-11-29T22:58:32.0260000Z,0ee16dab-8856-4515-98f8-0e446e23d1e4,WPI1_8,Successful,0,Real,Mac OS X 10_15_7,1598,2396,Eastern Standard Time,Apple GPU,0,17,10,1,128,1.22.27,0,Safari 16.5,3,12000,8,57.3450737,1714.76331,DEFAULT,1,7,6466,8000,7,"{49, 102}",2116,"{249, 41}",717,"{230, 224}",650,"{99, 293}",833,"{591, 244}",684,"{456, 183}",766,"{446, 61}",700,N/A,N/A,N/A,N/A,N/A,N/A,N/A,N/A,N/A,N/A,N/A,N/A,N/A,N/A,N/A,N/A,2023-11-29T22:58:32.0260000Z,N/A,N/A
99,2023-11-29T22:58:32.0260000Z,0ee16dab-8856-4515-98f8-0e446e23d1e4,WPI1_8,Successful,0,Real,Mac OS X 10_15_7,1598,2396,Eastern Standard Time,Apple GPU,0,17,10,1,128,1.22.27,0,Safari 16.5,3,12000,9,58.56605,1746.41516,DEFAULT,0,7,4617,8000,5,"{456, 183}",1283,"{591, 244}",1150,"{99, 293}",834,"{230, 224}",733,"{49, 102}",617,"{427, 315}",N/A,"{640, 122}",N/A,N/A,N/A,N/A,N/A,N/A,N/A,N/A,N/A,N/A,N/A,N/A,N/A,N/A,N/A,N/A,N/A,2023-11-29T22:58:32.0260000Z,N/A,N/A
100,2023-11-29T22:58:32.0260000Z,0ee16dab-8856-4515-98f8-0e446e23d1e4,WPI1_8,Successful,0,Real,Mac OS X 10_15_7,1598,2396,Eastern Standard Time,Apple GPU,0,17,10,1,128,1.22.27,0,Safari 16.5,3,12000,10,58.79669,1746.20642,DEFAULT,0,7,6783,8000,1,"{99, 293}",6783,"{640, 122}",N/A,"{230, 224}",N/A,"{591, 244}",N/A,"{456, 183}",N/A,"{249, 41}",N/A,"{446, 61}",N/A,N/A,N/A,N/A,N/A,N/A,N/A,N/A,N/A,N/A,N/A,N/A,N/A,N/A,N/A,N/A,N/A,2023-11-29T22:58:32.0260000Z,N/A,N/A
101,2023-11-29T22:58:32.0260000Z,0ee16dab-8856-4515-98f8-0e446e23d1e4,WPI1_8,Successful,0,Real,Mac OS X 10_15_7,1598,2396,Eastern Standard Time,Apple GPU,0,17,10,1,128,1.22.27,0,Safari 16.5,3,12000,11,59.6876068,1712.95764,DEFAULT,0,7,3984,8000,4,"{249, 41}",1934,"{446, 61}",700,"{230, 224}",600,"{456, 183}",750,"{591, 244}",N/A,"{640, 122}",N/A,"{99, 293}",N/A,N/A,N/A,N/A,N/A,N/A,N/A,N/A,N/A,N/A,N/A,N/A,N/A,N/A,N/A,N/A,N/A,2023-11-29T22:58:32.0260000Z,N/A,N/A
102,2023-11-29T22:57:58.6870000Z,0ee16dab-8856-4515-98f8-0e446e23d1e4,WPI1_8,Successful,0,StartingWindow,Mac OS X 10_15_7,1598,2396,Eastern Standard Time,Apple GPU,0,17,10,1,128,1.22.27,0,Safari 16.5,3,-1,0,53.7259636,1476.87366,DEFAULT,1,3,2466,4000,3,"{99, 293}",833,"{230, 224}",917,"{446, 61}",716,N/A,N/A,N/A,N/A,N/A,N/A,N/A,N/A,N/A,N/A,N/A,N/A,N/A,N/A,N/A,N/A,N/A,N/A,N/A,N/A,N/A,N/A,N/A,N/A,2023-11-29T22:57:58.6870000Z,N/A,N/A
103,2023-11-29T22:57:58.6870000Z,0ee16dab-8856-4515-98f8-0e446e23d1e4,WPI1_8,Successful,0,StartingWindow,Mac OS X 10_15_7,1598,2396,Eastern Standard Time,Apple GPU,0,17,10,1,128,1.22.27,0,Safari 16.5,3,-1,1,55.1158752,1558.31372,DEFAULT,0,3,867,4000,1,"{456, 183}",867,"{230, 224}",N/A,"{591, 244}",N/A,N/A,N/A,N/A,N/A,N/A,N/A,N/A,N/A,N/A,N/A,N/A,N/A,N/A,N/A,N/A,N/A,N/A,N/A,N/A,N/A,N/A,N/A,N/A,N/A,2023-11-29T22:57:58.6870000Z,N/A,N/A
104,2023-11-29T22:57:58.6870000Z,0ee16dab-8856-4515-98f8-0e446e23d1e4,WPI1_8,Successful,0,StartingWindow,Mac OS X 10_15_7,1598,2396,Eastern Standard Time,Apple GPU,0,17,10,1,128,1.22.27,0,Safari 16.5,3,-1,2,55.2511749,1458.59521,DEFAULT,1,3,3050,4000,3,"{427, 315}",1500,"{249, 41}",767,"{49, 102}",783,N/A,N/A,N/A,N/A,N/A,N/A,N/A,N/A,N/A,N/A,N/A,N/A,N/A,N/A,N/A,N/A,N/A,N/A,N/A,N/A,N/A,N/A,N/A,N/A,2023-11-29T22:57:58.6870000Z,N/A,N/A
105,2023-11-29T22:57:31.9580000Z,0ee16dab-8856-4515-98f8-0e446e23d1e4,WPI1_9,Successful,0,StartingWindow,Mac OS X 10_15_7,1170,2396,Eastern Standard Time,"ANGLE (Intel Inc., Intel Iris OpenGL Engine, OpenGL 4.1)",0,17,30,1,256,1.22.27,0,Chrome 119,3,-1,0,48.04048,374.798431,DEFAULT,1,3,1617,4000,3,"{99, 293}",667,"{230, 224}",467,"{446, 61}",483,N/A,N/A,N/A,N/A,N/A,N/A,N/A,N/A,N/A,N/A,N/A,N/A,N/A,N/A,N/A,N/A,N/A,N/A,N/A,N/A,N/A,N/A,N/A,N/A,2023-11-29T22:57:31.9580000Z,N/A,N/A
106,2023-11-29T22:57:31.9580000Z,0ee16dab-8856-4515-98f8-0e446e23d1e4,WPI1_9,Successful,0,StartingWindow,Mac OS X 10_15_7,1170,2396,Eastern Standard Time,"ANGLE (Intel Inc., Intel Iris OpenGL Engine, OpenGL 4.1)",0,17,30,1,256,1.22.27,0,Chrome 119,3,-1,1,47.00346,360.693726,DEFAULT,1,3,1667,4000,3,"{456, 183}",583,"{230, 224}",650,"{591, 244}",434,N/A,N/A,N/A,N/A,N/A,N/A,N/A,N/A,N/A,N/A,N/A,N/A,N/A,N/A,N/A,N/A,N/A,N/A,N/A,N/A,N/A,N/A,N/A,N/A,2023-11-29T22:57:31.9580000Z,N/A,N/A
107,2023-11-29T22:57:31.9580000Z,0ee16dab-8856-4515-98f8-0e446e23d1e4,WPI1_9,Successful,0,StartingWindow,Mac OS X 10_15_7,1170,2396,Eastern Standard Time,"ANGLE (Intel Inc., Intel Iris OpenGL Engine, OpenGL 4.1)",0,17,30,1,256,1.22.27,0,Chrome 119,3,-1,2,49.7092,406.507233,DEFAULT,0,4,1700,5000,1,"{456, 183}",1700,"{99, 293}",N/A,"{640, 122}",N/A,"{230, 224}",N/A,N/A,N/A,N/A,N/A,N/A,N/A,N/A,N/A,N/A,N/A,N/A,N/A,N/A,N/A,N/A,N/A,N/A,N/A,N/A,N/A,N/A,N/A,2023-11-29T22:57:31.9580000Z,N/A,N/A
108,2023-11-29T22:53:03.2630000Z,0ee16dab-8856-4515-98f8-0e446e23d1e4,WPI1_12,Successful,0,Real,Windows 10,1758,2995,Eastern Standard Time,"ANGLE (Intel, Intel(R) Iris(R) Plus Graphics (0x00008A52) Direct3D11 vs_5_0 ps_5_0, D3D11)",0,17,10,1,128,1.22.27,0,Chrome 119,3,8000,0,48.6908875,202.384613,DEFAULT,1,3,3050,4000,3,"{99, 293}",1250,"{230, 224}",1067,"{446, 61}",733,N/A,N/A,N/A,N/A,N/A,N/A,N/A,N/A,N/A,N/A,N/A,N/A,N/A,N/A,N/A,N/A,N/A,N/A,N/A,N/A,N/A,N/A,N/A,N/A,2023-11-29T22:53:03.2630000Z,N/A,N/A
109,2023-11-29T22:53:03.2630000Z,0ee16dab-8856-4515-98f8-0e446e23d1e4,WPI1_12,Successful,0,Real,Windows 10,1758,2995,Eastern Standard Time,"ANGLE (Intel, Intel(R) Iris(R) Plus Graphics (0x00008A52) Direct3D11 vs_5_0 ps_5_0, D3D11)",0,17,10,1,128,1.22.27,0,Chrome 119,3,8000,1,49.0738449,215.447891,DEFAULT,1,3,2483,4000,3,"{456, 183}",916,"{230, 224}",817,"{591, 244}",750,N/A,N/A,N/A,N/A,N/A,N/A,N/A,N/A,N/A,N/A,N/A,N/A,N/A,N/A,N/A,N/A,N/A,N/A,N/A,N/A,N/A,N/A,N/A,N/A,2023-11-29T22:53:03.2630000Z,N/A,N/A
110,2023-11-29T22:53:03.2630000Z,0ee16dab-8856-4515-98f8-0e446e23d1e4,WPI1_12,Successful,0,Real,Windows 10,1758,2995,Eastern Standard Time,"ANGLE (Intel, Intel(R) Iris(R) Plus Graphics (0x00008A52) Direct3D11 vs_5_0 ps_5_0, D3D11)",0,17,10,1,128,1.22.27,0,Chrome 119,3,9000,2,46.8027458,174.47142,DEFAULT,1,4,4150,5000,4,"{456, 183}",1000,"{99, 293}",1134,"{640, 122}",1016,"{230, 224}",1000,N/A,N/A,N/A,N/A,N/A,N/A,N/A,N/A,N/A,N/A,N/A,N/A,N/A,N/A,N/A,N/A,N/A,N/A,N/A,N/A,N/A,N/A,2023-11-29T22:53:03.2630000Z,N/A,N/A
111,2023-11-29T22:53:03.2630000Z,0ee16dab-8856-4515-98f8-0e446e23d1e4,WPI1_12,Successful,0,Real,Windows 10,1758,2995,Eastern Standard Time,"ANGLE (Intel, Intel(R) Iris(R) Plus Graphics (0x00008A52) Direct3D11 vs_5_0 ps_5_0, D3D11)",0,17,10,1,128,1.22.27,0,Chrome 119,3,9000,3,48.08369,196.557648,DEFAULT,0,4,4750,5000,4,"{249, 41}",817,"{640, 122}",1017,"{99, 293}",1150,"{49, 102}",1766,N/A,N/A,N/A,N/A,N/A,N/A,N/A,N/A,N/A,N/A,N/A,N/A,N/A,N/A,N/A,N/A,N/A,N/A,N/A,N/A,N/A,N/A,2023-11-29T22:53:03.2630000Z,N/A,N/A
112,2023-11-29T22:53:03.2630000Z,0ee16dab-8856-4515-98f8-0e446e23d1e4,WPI1_12,Successful,0,Real,Windows 10,1758,2995,Eastern Standard Time,"ANGLE (Intel, Intel(R) Iris(R) Plus Graphics (0x00008A52) Direct3D11 vs_5_0 ps_5_0, D3D11)",0,17,10,1,128,1.22.27,0,Chrome 119,3,9000,4,47.8558922,198.423676,DEFAULT,1,4,3167,5000,4,"{99, 293}",917,"{446, 61}",750,"{230, 224}",700,"{249, 41}",800,N/A,N/A,N/A,N/A,N/A,N/A,N/A,N/A,N/A,N/A,N/A,N/A,N/A,N/A,N/A,N/A,N/A,N/A,N/A,N/A,N/A,N/A,2023-11-29T22:53:03.2630000Z,N/A,N/A
113,2023-11-29T22:53:03.2630000Z,0ee16dab-8856-4515-98f8-0e446e23d1e4,WPI1_12,Successful,0,Real,Windows 10,1758,2995,Eastern Standard Time,"ANGLE (Intel, Intel(R) Iris(R) Plus Graphics (0x00008A52) Direct3D11 vs_5_0 ps_5_0, D3D11)",0,17,10,1,128,1.22.27,0,Chrome 119,3,9000,5,48.7309341,205.904678,DEFAULT,1,4,3616,5000,4,"{230, 224}",1100,"{99, 293}",600,"{446, 61}",950,"{249, 41}",966,N/A,N/A,N/A,N/A,N/A,N/A,N/A,N/A,N/A,N/A,N/A,N/A,N/A,N/A,N/A,N/A,N/A,N/A,N/A,N/A,N/A,N/A,2023-11-29T22:53:03.2630000Z,N/A,N/A
114,2023-11-29T22:53:03.2630000Z,0ee16dab-8856-4515-98f8-0e446e23d1e4,WPI1_12,Successful,0,Real,Windows 10,1758,2995,Eastern Standard Time,"ANGLE (Intel, Intel(R) Iris(R) Plus Graphics (0x00008A52) Direct3D11 vs_5_0 ps_5_0, D3D11)",0,17,10,1,128,1.22.27,0,Chrome 119,3,10000,6,47.38731,182.448578,DEFAULT,1,5,3567,6000,5,"{99, 293}",584,"{427, 315}",683,"{591, 244}",783,"{230, 224}",684,"{249, 41}",833,N/A,N/A,N/A,N/A,N/A,N/A,N/A,N/A,N/A,N/A,N/A,N/A,N/A,N/A,N/A,N/A,N/A,N/A,N/A,N/A,2023-11-29T22:53:03.2630000Z,N/A,N/A
115,2023-11-29T22:53:03.2630000Z,0ee16dab-8856-4515-98f8-0e446e23d1e4,WPI1_12,Successful,0,Real,Windows 10,1758,2995,Eastern Standard Time,"ANGLE (Intel, Intel(R) Iris(R) Plus Graphics (0x00008A52) Direct3D11 vs_5_0 ps_5_0, D3D11)",0,17,10,1,128,1.22.27,0,Chrome 119,3,10000,7,47.7766533,188.790009,DEFAULT,1,5,5666,6000,5,"{640, 122}",1916,"{230, 224}",567,"{99, 293}",783,"{456, 183}",1000,"{446, 61}",1400,N/A,N/A,N/A,N/A,N/A,N/A,N/A,N/A,N/A,N/A,N/A,N/A,N/A,N/A,N/A,N/A,N/A,N/A,N/A,N/A,2023-11-29T22:53:03.2630000Z,N/A,N/A
116,2023-11-29T22:53:03.2630000Z,0ee16dab-8856-4515-98f8-0e446e23d1e4,WPI1_12,Successful,0,Real,Windows 10,1758,2995,Eastern Standard Time,"ANGLE (Intel, Intel(R) Iris(R) Plus Graphics (0x00008A52) Direct3D11 vs_5_0 ps_5_0, D3D11)",0,17,10,1,128,1.22.27,0,Chrome 119,3,11000,8,48.0848045,228.23613,DEFAULT,0,6,17067,7000,6,"{446, 61}",1650,"{49, 102}",900,"{456, 183}",867,"{230, 224}",800,"{427, 315}",1000,"{249, 41}",11850,N/A,N/A,N/A,N/A,N/A,N/A,N/A,N/A,N/A,N/A,N/A,N/A,N/A,N/A,N/A,N/A,N/A,N/A,2023-11-29T22:53:03.2630000Z,N/A,N/A
117,2023-11-29T22:53:03.2630000Z,0ee16dab-8856-4515-98f8-0e446e23d1e4,WPI1_12,Successful,0,Real,Windows 10,1758,2995,Eastern Standard Time,"ANGLE (Intel, Intel(R) Iris(R) Plus Graphics (0x00008A52) Direct3D11 vs_5_0 ps_5_0, D3D11)",0,17,10,1,128,1.22.27,0,Chrome 119,3,11000,9,48.16465,199.413559,DEFAULT,0,6,6850,7000,4,"{249, 41}",2100,"{446, 61}",883,"{640, 122}",1617,"{49, 102}",2250,"{99, 293}",N/A,"{427, 315}",N/A,N/A,N/A,N/A,N/A,N/A,N/A,N/A,N/A,N/A,N/A,N/A,N/A,N/A,N/A,N/A,N/A,N/A,N/A,2023-11-29T22:53:03.2630000Z,N/A,N/A
118,2023-11-29T22:53:03.2630000Z,0ee16dab-8856-4515-98f8-0e446e23d1e4,WPI1_12,Successful,0,Real,Windows 10,1758,2995,Eastern Standard Time,"ANGLE (Intel, Intel(R) Iris(R) Plus Graphics (0x00008A52) Direct3D11 vs_5_0 ps_5_0, D3D11)",0,17,10,1,128,1.22.27,0,Chrome 119,3,11000,10,47.8572922,197.058624,DEFAULT,0,6,14084,7000,4,"{249, 41}",2467,"{99, 293}",1117,"{49, 102}",1816,"{591, 244}",8684,"{230, 224}",N/A,"{640, 122}",N/A,N/A,N/A,N/A,N/A,N/A,N/A,N/A,N/A,N/A,N/A,N/A,N/A,N/A,N/A,N/A,N/A,N/A,N/A,2023-11-29T22:53:03.2630000Z,N/A,N/A
119,2023-11-29T22:52:16.1352090Z,0ee16dab-8856-4515-98f8-0e446e23d1e4,WPI1_7,Successful,0,Real,iPadOS 17.1.1,1640,2360,EST,Apple A14 GPU,0,8,10,6,3873,1.22.31,264,"iPad13,1",1,8000,0,60.0044975,0.032259527600000004,DEFAULT,1,3,1533,4000,3,"{99, 293}",667,"{230, 224}",516,"{446, 61}",350,N/A,N/A,N/A,N/A,N/A,N/A,N/A,N/A,N/A,N/A,N/A,N/A,N/A,N/A,N/A,N/A,N/A,N/A,N/A,N/A,N/A,N/A,N/A,N/A,2023-11-29T22:52:16.1352090Z,N/A,N/A
120,2023-11-29T22:52:16.1352090Z,0ee16dab-8856-4515-98f8-0e446e23d1e4,WPI1_7,Successful,0,Real,iPadOS 17.1.1,1640,2360,EST,Apple A14 GPU,0,8,10,6,3873,1.22.31,264,"iPad13,1",1,8000,1,60.00365,0.06421869,DEFAULT,1,3,1266,4000,3,"{456, 183}",616,"{230, 224}",384,"{591, 244}",266,N/A,N/A,N/A,N/A,N/A,N/A,N/A,N/A,N/A,N/A,N/A,N/A,N/A,N/A,N/A,N/A,N/A,N/A,N/A,N/A,N/A,N/A,N/A,N/A,2023-11-29T22:52:16.1352090Z,N/A,N/A
121,2023-11-29T22:52:16.1352090Z,0ee16dab-8856-4515-98f8-0e446e23d1e4,WPI1_7,Successful,0,Real,iPadOS 17.1.1,1640,2360,EST,Apple A14 GPU,0,8,10,6,3873,1.22.31,264,"iPad13,1",1,9000,2,60.0043221,0.04086523,DEFAULT,1,4,1433,5000,4,"{456, 183}",450,"{99, 293}",283,"{640, 122}",334,"{230, 224}",366,N/A,N/A,N/A,N/A,N/A,N/A,N/A,N/A,N/A,N/A,N/A,N/A,N/A,N/A,N/A,N/A,N/A,N/A,N/A,N/A,N/A,N/A,2023-11-29T22:52:16.1352090Z,N/A,N/A
122,2023-11-29T22:52:16.1352090Z,0ee16dab-8856-4515-98f8-0e446e23d1e4,WPI1_7,Successful,0,Real,iPadOS 17.1.1,1640,2360,EST,Apple A14 GPU,0,8,10,6,3873,1.22.31,264,"iPad13,1",1,9000,3,60.00553,0.06824387,DEFAULT,1,4,1834,5000,4,"{249, 41}",617,"{640, 122}",417,"{99, 293}",450,"{49, 102}",350,N/A,N/A,N/A,N/A,N/A,N/A,N/A,N/A,N/A,N/A,N/A,N/A,N/A,N/A,N/A,N/A,N/A,N/A,N/A,N/A,N/A,N/A,2023-11-29T22:52:16.1352090Z,N/A,N/A
123,2023-11-29T22:52:16.1352090Z,0ee16dab-8856-4515-98f8-0e446e23d1e4,WPI1_7,Successful,0,Real,iPadOS 17.1.1,1640,2360,EST,Apple A14 GPU,0,8,10,6,3873,1.22.31,264,"iPad13,1",1,10000,4,60.00483,0.05321484,DEFAULT,1,5,2434,6000,5,"{99, 293}",650,"{427, 315}",434,"{591, 244}",483,"{230, 224}",417,"{249, 41}",450,N/A,N/A,N/A,N/A,N/A,N/A,N/A,N/A,N/A,N/A,N/A,N/A,N/A,N/A,N/A,N/A,N/A,N/A,N/A,N/A,2023-11-29T22:52:16.1352090Z,N/A,N/A
124,2023-11-29T22:52:16.1352090Z,0ee16dab-8856-4515-98f8-0e446e23d1e4,WPI1_7,Successful,0,Real,iPadOS 17.1.1,1640,2360,EST,Apple A14 GPU,0,8,10,6,3873,1.22.31,264,"iPad13,1",1,10000,5,60.0052643,0.07556284,DEFAULT,1,5,2266,6000,5,"{640, 122}",600,"{230, 224}",366,"{99, 293}",434,"{456, 183}",416,"{446, 61}",450,N/A,N/A,N/A,N/A,N/A,N/A,N/A,N/A,N/A,N/A,N/A,N/A,N/A,N/A,N/A,N/A,N/A,N/A,N/A,N/A,2023-11-29T22:52:16.1352090Z,N/A,N/A
125,2023-11-29T22:52:16.1352090Z,0ee16dab-8856-4515-98f8-0e446e23d1e4,WPI1_7,Successful,0,Real,iPadOS 17.1.1,1640,2360,EST,Apple A14 GPU,0,8,10,6,3873,1.22.31,264,"iPad13,1",1,11000,6,60.0047226,0.050886485700000005,DEFAULT,1,6,2533,7000,6,"{446, 61}",517,"{49, 102}",366,"{456, 183}",400,"{230, 224}",367,"{427, 315}",433,"{249, 41}",450,N/A,N/A,N/A,N/A,N/A,N/A,N/A,N/A,N/A,N/A,N/A,N/A,N/A,N/A,N/A,N/A,N/A,N/A,2023-11-29T22:52:16.1352090Z,N/A,N/A
126,2023-11-29T22:52:16.1352090Z,0ee16dab-8856-4515-98f8-0e446e23d1e4,WPI1_7,Successful,0,Real,iPadOS 17.1.1,1640,2360,EST,Apple A14 GPU,0,8,10,6,3873,1.22.31,264,"iPad13,1",1,11000,7,60.0048981,0.0696953,DEFAULT,1,6,2650,7000,6,"{249, 41}",633,"{446, 61}",367,"{640, 122}",350,"{49, 102}",500,"{99, 293}",367,"{427, 315}",433,N/A,N/A,N/A,N/A,N/A,N/A,N/A,N/A,N/A,N/A,N/A,N/A,N/A,N/A,N/A,N/A,N/A,N/A,2023-11-29T22:52:16.1352090Z,N/A,N/A
127,2023-11-29T22:52:16.1352090Z,0ee16dab-8856-4515-98f8-0e446e23d1e4,WPI1_7,Successful,0,Real,iPadOS 17.1.1,1640,2360,EST,Apple A14 GPU,0,8,10,6,3873,1.22.31,264,"iPad13,1",1,12000,8,60.00564,0.08777517,DEFAULT,1,7,2850,8000,7,"{49, 102}",633,"{249, 41}",267,"{230, 224}",383,"{99, 293}",434,"{591, 244}",383,"{456, 183}",400,"{446, 61}",350,N/A,N/A,N/A,N/A,N/A,N/A,N/A,N/A,N/A,N/A,N/A,N/A,N/A,N/A,N/A,N/A,2023-11-29T22:52:16.1352090Z,N/A,N/A
128,2023-11-29T22:52:16.1352090Z,0ee16dab-8856-4515-98f8-0e446e23d1e4,WPI1_7,Successful,0,Real,iPadOS 17.1.1,1640,2360,EST,Apple A14 GPU,0,8,10,6,3873,1.22.31,264,"iPad13,1",1,12000,9,60.0063171,0.22302395100000003,DEFAULT,0,7,2851,8000,6,"{456, 183}",634,"{591, 244}",400,"{99, 293}",500,"{230, 224}",450,"{49, 102}",433,"{427, 315}",434,"{640, 122}",N/A,N/A,N/A,N/A,N/A,N/A,N/A,N/A,N/A,N/A,N/A,N/A,N/A,N/A,N/A,N/A,N/A,2023-11-29T22:52:16.1352090Z,N/A,N/A
129,2023-11-29T22:52:16.1352090Z,0ee16dab-8856-4515-98f8-0e446e23d1e4,WPI1_7,Successful,0,Real,iPadOS 17.1.1,1640,2360,EST,Apple A14 GPU,0,8,10,6,3873,1.22.31,264,"iPad13,1",1,12000,10,60.01035,0.40231636200000004,DEFAULT,0,7,1900,8000,4,"{99, 293}",550,"{640, 122}",350,"{230, 224}",434,"{591, 244}",566,"{456, 183}",N/A,"{249, 41}",N/A,"{446, 61}",N/A,N/A,N/A,N/A,N/A,N/A,N/A,N/A,N/A,N/A,N/A,N/A,N/A,N/A,N/A,N/A,N/A,2023-11-29T22:52:16.1352090Z,N/A,N/A
130,2023-11-29T22:52:16.1352090Z,0ee16dab-8856-4515-98f8-0e446e23d1e4,WPI1_7,Successful,0,Real,iPadOS 17.1.1,1640,2360,EST,Apple A14 GPU,0,8,10,6,3873,1.22.31,264,"iPad13,1",1,12000,11,60.00599,0.101340815,DEFAULT,1,7,4216,8000,7,"{249, 41}",733,"{446, 61}",583,"{230, 224}",400,"{456, 183}",1034,"{591, 244}",466,"{640, 122}",617,"{99, 293}",383,N/A,N/A,N/A,N/A,N/A,N/A,N/A,N/A,N/A,N/A,N/A,N/A,N/A,N/A,N/A,N/A,2023-11-29T22:52:16.1352090Z,N/A,N/A
131,2023-11-29T22:52:16.1352090Z,0ee16dab-8856-4515-98f8-0e446e23d1e4,WPI1_7,Successful,0,Real,iPadOS 17.1.1,1640,2360,EST,Apple A14 GPU,0,8,10,6,3873,1.22.31,264,"iPad13,1",1,12000,12,60.0094376,0.2955852,DEFAULT,0,7,3350,8000,5,"{49, 102}",650,"{591, 244}",383,"{230, 224}",400,"{446, 61}",517,"{427, 315}",1400,"{249, 41}",N/A,"{640, 122}",N/A,N/A,N/A,N/A,N/A,N/A,N/A,N/A,N/A,N/A,N/A,N/A,N/A,N/A,N/A,N/A,N/A,2023-11-29T22:52:16.1352090Z,N/A,N/A
132,2023-11-29T22:52:16.1352090Z,0ee16dab-8856-4515-98f8-0e446e23d1e4,WPI1_7,Successful,0,Real,iPadOS 17.1.1,1640,2360,EST,Apple A14 GPU,0,8,10,6,3873,1.22.31,264,"iPad13,1",1,12000,13,60.0088234,0.291800022,DEFAULT,0,7,4700,8000,7,"{49, 102}",733,"{456, 183}",317,"{640, 122}",383,"{249, 41}",350,"{230, 224}",2067,"{591, 244}",483,"{427, 315}",367,N/A,N/A,N/A,N/A,N/A,N/A,N/A,N/A,N/A,N/A,N/A,N/A,N/A,N/A,N/A,N/A,2023-11-29T22:52:16.1352090Z,N/A,N/A
133,2023-11-29T22:52:16.1352090Z,0ee16dab-8856-4515-98f8-0e446e23d1e4,WPI1_7,Successful,0,Real,iPadOS 17.1.1,1640,2360,EST,Apple A14 GPU,0,8,10,6,3873,1.22.31,264,"iPad13,1",1,12000,14,60.01179,0.484347552,DEFAULT,0,7,3517,8000,4,"{446, 61}",667,"{249, 41}",300,"{640, 122}",383,"{49, 102}",2167,"{591, 244}",N/A,"{427, 315}",N/A,"{456, 183}",N/A,N/A,N/A,N/A,N/A,N/A,N/A,N/A,N/A,N/A,N/A,N/A,N/A,N/A,N/A,N/A,N/A,2023-11-29T22:52:16.1352090Z,N/A,N/A
134,2023-11-29T22:52:09.0650000Z,0ee16dab-8856-4515-98f8-0e446e23d1e4,WPI1_10,Successful,0,Real,Windows 10,1199,1797,Eastern Standard Time,"ANGLE (Intel, Intel(R) Iris(R) Xe Graphics (0x000046A6) Direct3D11 vs_5_0 ps_5_0, D3D11)",0,17,10,1,128,1.22.27,0,Chrome 119,3,8000,0,84.97799,686.167236,DEFAULT,0,3,2867,4000,3,"{99, 293}",1150,"{230, 224}",1084,"{446, 61}",633,N/A,N/A,N/A,N/A,N/A,N/A,N/A,N/A,N/A,N/A,N/A,N/A,N/A,N/A,N/A,N/A,N/A,N/A,N/A,N/A,N/A,N/A,N/A,N/A,2023-11-29T22:52:09.0650000Z,N/A,N/A
135,2023-11-29T22:52:09.0650000Z,0ee16dab-8856-4515-98f8-0e446e23d1e4,WPI1_10,Successful,0,Real,Windows 10,1199,1797,Eastern Standard Time,"ANGLE (Intel, Intel(R) Iris(R) Xe Graphics (0x000046A6) Direct3D11 vs_5_0 ps_5_0, D3D11)",0,17,10,1,128,1.22.27,0,Chrome 119,3,8000,1,88.26984,679.3351,DEFAULT,1,3,1900,4000,3,"{456, 183}",683,"{230, 224}",667,"{591, 244}",550,N/A,N/A,N/A,N/A,N/A,N/A,N/A,N/A,N/A,N/A,N/A,N/A,N/A,N/A,N/A,N/A,N/A,N/A,N/A,N/A,N/A,N/A,N/A,N/A,2023-11-29T22:52:09.0650000Z,N/A,N/A
136,2023-11-29T22:52:09.0650000Z,0ee16dab-8856-4515-98f8-0e446e23d1e4,WPI1_10,Successful,0,Real,Windows 10,1199,1797,Eastern Standard Time,"ANGLE (Intel, Intel(R) Iris(R) Xe Graphics (0x000046A6) Direct3D11 vs_5_0 ps_5_0, D3D11)",0,17,10,1,128,1.22.27,0,Chrome 119,3,8000,2,85.72222,677.992737,DEFAULT,1,3,2384,4000,3,"{427, 315}",700,"{249, 41}",567,"{49, 102}",1117,N/A,N/A,N/A,N/A,N/A,N/A,N/A,N/A,N/A,N/A,N/A,N/A,N/A,N/A,N/A,N/A,N/A,N/A,N/A,N/A,N/A,N/A,N/A,N/A,2023-11-29T22:52:09.0650000Z,N/A,N/A
137,2023-11-29T22:52:09.0650000Z,0ee16dab-8856-4515-98f8-0e446e23d1e4,WPI1_10,Successful,0,Real,Windows 10,1199,1797,Eastern Standard Time,"ANGLE (Intel, Intel(R) Iris(R) Xe Graphics (0x000046A6) Direct3D11 vs_5_0 ps_5_0, D3D11)",0,17,10,1,128,1.22.27,0,Chrome 119,3,9000,3,85.95031,653.359436,DEFAULT,1,4,2917,5000,4,"{456, 183}",383,"{99, 293}",900,"{640, 122}",917,"{230, 224}",717,N/A,N/A,N/A,N/A,N/A,N/A,N/A,N/A,N/A,N/A,N/A,N/A,N/A,N/A,N/A,N/A,N/A,N/A,N/A,N/A,N/A,N/A,2023-11-29T22:52:09.0650000Z,N/A,N/A
138,2023-11-29T22:52:09.0650000Z,0ee16dab-8856-4515-98f8-0e446e23d1e4,WPI1_10,Successful,0,Real,Windows 10,1199,1797,Eastern Standard Time,"ANGLE (Intel, Intel(R) Iris(R) Xe Graphics (0x000046A6) Direct3D11 vs_5_0 ps_5_0, D3D11)",0,17,10,1,128,1.22.27,0,Chrome 119,3,9000,4,85.20725,697.636,DEFAULT,1,4,4150,5000,4,"{249, 41}",1383,"{640, 122}",817,"{99, 293}",966,"{49, 102}",984,N/A,N/A,N/A,N/A,N/A,N/A,N/A,N/A,N/A,N/A,N/A,N/A,N/A,N/A,N/A,N/A,N/A,N/A,N/A,N/A,N/A,N/A,2023-11-29T22:52:09.0650000Z,N/A,N/A
139,2023-11-29T22:52:09.0650000Z,0ee16dab-8856-4515-98f8-0e446e23d1e4,WPI1_10,Successful,0,Real,Windows 10,1199,1797,Eastern Standard Time,"ANGLE (Intel, Intel(R) Iris(R) Xe Graphics (0x000046A6) Direct3D11 vs_5_0 ps_5_0, D3D11)",0,17,10,1,128,1.22.27,0,Chrome 119,3,10000,5,85.7999344,653.3394,DEFAULT,1,5,3533,6000,5,"{99, 293}",417,"{427, 315}",700,"{591, 244}",816,"{230, 224}",750,"{249, 41}",850,N/A,N/A,N/A,N/A,N/A,N/A,N/A,N/A,N/A,N/A,N/A,N/A,N/A,N/A,N/A,N/A,N/A,N/A,N/A,N/A,2023-11-29T22:52:09.0650000Z,N/A,N/A
140,2023-11-29T22:52:09.0650000Z,0ee16dab-8856-4515-98f8-0e446e23d1e4,WPI1_10,Successful,0,Real,Windows 10,1199,1797,Eastern Standard Time,"ANGLE (Intel, Intel(R) Iris(R) Xe Graphics (0x000046A6) Direct3D11 vs_5_0 ps_5_0, D3D11)",0,17,10,1,128,1.22.27,0,Chrome 119,3,10000,6,87.2744446,691.8111,DEFAULT,1,5,3667,6000,5,"{640, 122}",700,"{230, 224}",567,"{99, 293}",1100,"{456, 183}",550,"{446, 61}",750,N/A,N/A,N/A,N/A,N/A,N/A,N/A,N/A,N/A,N/A,N/A,N/A,N/A,N/A,N/A,N/A,N/A,N/A,N/A,N/A,2023-11-29T22:52:09.0650000Z,N/A,N/A
141,2023-11-29T22:52:09.0650000Z,0ee16dab-8856-4515-98f8-0e446e23d1e4,WPI1_10,Successful,0,Real,Windows 10,1199,1797,Eastern Standard Time,"ANGLE (Intel, Intel(R) Iris(R) Xe Graphics (0x000046A6) Direct3D11 vs_5_0 ps_5_0, D3D11)",0,17,10,1,128,1.22.27,0,Chrome 119,3,11000,7,89.86071,662.6543,DEFAULT,0,6,3667,7000,5,"{446, 61}",266,"{49, 102}",601,"{456, 183}",733,"{230, 224}",1300,"{427, 315}",767,"{249, 41}",N/A,N/A,N/A,N/A,N/A,N/A,N/A,N/A,N/A,N/A,N/A,N/A,N/A,N/A,N/A,N/A,N/A,N/A,N/A,2023-11-29T22:52:09.0650000Z,N/A,N/A
142,2023-11-29T22:52:09.0650000Z,0ee16dab-8856-4515-98f8-0e446e23d1e4,WPI1_10,Successful,0,Real,Windows 10,1199,1797,Eastern Standard Time,"ANGLE (Intel, Intel(R) Iris(R) Xe Graphics (0x000046A6) Direct3D11 vs_5_0 ps_5_0, D3D11)",0,17,10,1,128,1.22.27,0,Chrome 119,3,11000,8,89.49643,657.4196,DEFAULT,1,6,4233,7000,6,"{249, 41}",500,"{446, 61}",666,"{640, 122}",867,"{49, 102}",850,"{99, 293}",583,"{427, 315}",767,N/A,N/A,N/A,N/A,N/A,N/A,N/A,N/A,N/A,N/A,N/A,N/A,N/A,N/A,N/A,N/A,N/A,N/A,2023-11-29T22:52:09.0650000Z,N/A,N/A
143,2023-11-29T22:52:09.0650000Z,0ee16dab-8856-4515-98f8-0e446e23d1e4,WPI1_10,Successful,0,Real,Windows 10,1199,1797,Eastern Standard Time,"ANGLE (Intel, Intel(R) Iris(R) Xe Graphics (0x000046A6) Direct3D11 vs_5_0 ps_5_0, D3D11)",0,17,10,1,128,1.22.27,0,Chrome 119,3,11000,9,89.59599,698.615356,DEFAULT,1,6,5467,7000,6,"{249, 41}",517,"{99, 293}",867,"{49, 102}",800,"{591, 244}",1750,"{230, 224}",616,"{640, 122}",917,N/A,N/A,N/A,N/A,N/A,N/A,N/A,N/A,N/A,N/A,N/A,N/A,N/A,N/A,N/A,N/A,N/A,N/A,2023-11-29T22:52:09.0650000Z,N/A,N/A
144,2023-11-29T22:52:09.0650000Z,0ee16dab-8856-4515-98f8-0e446e23d1e4,WPI1_10,Successful,0,Real,Windows 10,1199,1797,Eastern Standard Time,"ANGLE (Intel, Intel(R) Iris(R) Xe Graphics (0x000046A6) Direct3D11 vs_5_0 ps_5_0, D3D11)",0,17,10,1,128,1.22.27,0,Chrome 119,3,12000,10,90.537796,668.8319,DEFAULT,0,7,2250,8000,4,"{49, 102}",400,"{249, 41}",533,"{230, 224}",667,"{99, 293}",650,"{591, 244}",N/A,"{456, 183}",N/A,"{446, 61}",N/A,N/A,N/A,N/A,N/A,N/A,N/A,N/A,N/A,N/A,N/A,N/A,N/A,N/A,N/A,N/A,N/A,2023-11-29T22:52:09.0650000Z,N/A,N/A
145,2023-11-29T22:52:09.0650000Z,0ee16dab-8856-4515-98f8-0e446e23d1e4,WPI1_10,Successful,0,Real,Windows 10,1199,1797,Eastern Standard Time,"ANGLE (Intel, Intel(R) Iris(R) Xe Graphics (0x000046A6) Direct3D11 vs_5_0 ps_5_0, D3D11)",0,17,10,1,128,1.22.27,0,Chrome 119,3,12000,11,89.81223,695.0573,DEFAULT,0,7,6316,8000,5,"{456, 183}",3466,"{591, 244}",617,"{99, 293}",967,"{230, 224}",700,"{49, 102}",566,"{427, 315}",N/A,"{640, 122}",N/A,N/A,N/A,N/A,N/A,N/A,N/A,N/A,N/A,N/A,N/A,N/A,N/A,N/A,N/A,N/A,N/A,2023-11-29T22:52:09.0650000Z,N/A,N/A
146,2023-11-29T22:52:09.0650000Z,0ee16dab-8856-4515-98f8-0e446e23d1e4,WPI1_10,Successful,0,Real,Windows 10,1199,1797,Eastern Standard Time,"ANGLE (Intel, Intel(R) Iris(R) Xe Graphics (0x000046A6) Direct3D11 vs_5_0 ps_5_0, D3D11)",0,17,10,1,128,1.22.27,0,Chrome 119,3,12000,12,89.97865,708.6423,DEFAULT,0,7,2950,8000,4,"{99, 293}",1066,"{640, 122}",517,"{230, 224}",750,"{591, 244}",617,"{456, 183}",N/A,"{249, 41}",N/A,"{446, 61}",N/A,N/A,N/A,N/A,N/A,N/A,N/A,N/A,N/A,N/A,N/A,N/A,N/A,N/A,N/A,N/A,N/A,2023-11-29T22:52:09.0650000Z,N/A,N/A
147,2023-11-29T22:52:27.3840000Z,0ee16dab-8856-4515-98f8-0e446e23d1e4,WPI1_12,Successful,0,StartingWindow,Windows 10,1758,2995,Eastern Standard Time,"ANGLE (Intel, Intel(R) Iris(R) Plus Graphics (0x00008A52) Direct3D11 vs_5_0 ps_5_0, D3D11)",0,17,10,1,128,1.22.27,0,Chrome 119,3,-1,0,48.8393173,203.974182,DEFAULT,1,3,2317,4000,3,"{99, 293}",900,"{230, 224}",750,"{446, 61}",667,N/A,N/A,N/A,N/A,N/A,N/A,N/A,N/A,N/A,N/A,N/A,N/A,N/A,N/A,N/A,N/A,N/A,N/A,N/A,N/A,N/A,N/A,N/A,N/A,2023-11-29T22:52:27.3840000Z,N/A,N/A
148,2023-11-29T22:52:27.3840000Z,0ee16dab-8856-4515-98f8-0e446e23d1e4,WPI1_12,Successful,0,StartingWindow,Windows 10,1758,2995,Eastern Standard Time,"ANGLE (Intel, Intel(R) Iris(R) Plus Graphics (0x00008A52) Direct3D11 vs_5_0 ps_5_0, D3D11)",0,17,10,1,128,1.22.27,0,Chrome 119,3,-1,1,47.550827,191.022568,DEFAULT,1,3,2767,4000,3,"{456, 183}",934,"{230, 224}",883,"{591, 244}",950,N/A,N/A,N/A,N/A,N/A,N/A,N/A,N/A,N/A,N/A,N/A,N/A,N/A,N/A,N/A,N/A,N/A,N/A,N/A,N/A,N/A,N/A,N/A,N/A,2023-11-29T22:52:27.3840000Z,N/A,N/A
149,2023-11-29T22:52:27.3840000Z,0ee16dab-8856-4515-98f8-0e446e23d1e4,WPI1_12,Successful,0,StartingWindow,Windows 10,1758,2995,Eastern Standard Time,"ANGLE (Intel, Intel(R) Iris(R) Plus Graphics (0x00008A52) Direct3D11 vs_5_0 ps_5_0, D3D11)",0,17,10,1,128,1.22.27,0,Chrome 119,3,-1,2,46.16819,162.027374,DEFAULT,1,4,4101,5000,4,"{456, 183}",1217,"{99, 293}",1067,"{640, 122}",1000,"{230, 224}",817,N/A,N/A,N/A,N/A,N/A,N/A,N/A,N/A,N/A,N/A,N/A,N/A,N/A,N/A,N/A,N/A,N/A,N/A,N/A,N/A,N/A,N/A,2023-11-29T22:52:27.3840000Z,N/A,N/A
150,2023-11-29T22:51:45.3068910Z,0ee16dab-8856-4515-98f8-0e446e23d1e4,WPI1_7,Successful,0,StartingWindow,iPadOS 17.1.1,1640,2360,EST,Apple A14 GPU,0,8,10,6,3873,1.22.31,264,"iPad13,1",1,-1,0,60.0070953,0.19754004500000003,DEFAULT,1,3,1484,4000,3,"{99, 293}",600,"{230, 224}",434,"{446, 61}",450,N/A,N/A,N/A,N/A,N/A,N/A,N/A,N/A,N/A,N/A,N/A,N/A,N/A,N/A,N/A,N/A,N/A,N/A,N/A,N/A,N/A,N/A,N/A,N/A,2023-11-29T22:51:45.3068910Z,N/A,N/A
151,2023-11-29T22:51:45.3068910Z,0ee16dab-8856-4515-98f8-0e446e23d1e4,WPI1_7,Successful,0,StartingWindow,iPadOS 17.1.1,1640,2360,EST,Apple A14 GPU,0,8,10,6,3873,1.22.31,264,"iPad13,1",1,-1,1,60.004776,0.031990923000000004,DEFAULT,1,3,1116,4000,3,"{456, 183}",466,"{230, 224}",350,"{591, 244}",300,N/A,N/A,N/A,N/A,N/A,N/A,N/A,N/A,N/A,N/A,N/A,N/A,N/A,N/A,N/A,N/A,N/A,N/A,N/A,N/A,N/A,N/A,N/A,N/A,2023-11-29T22:51:45.3068910Z,N/A,N/A
152,2023-11-29T22:51:45.3068910Z,0ee16dab-8856-4515-98f8-0e446e23d1e4,WPI1_7,Successful,0,StartingWindow,iPadOS 17.1.1,1640,2360,EST,Apple A14 GPU,0,8,10,6,3873,1.22.31,264,"iPad13,1",1,-1,2,60.0053749,0.0755782351,DEFAULT,1,4,1766,5000,4,"{456, 183}",650,"{99, 293}",316,"{640, 122}",367,"{230, 224}",433,N/A,N/A,N/A,N/A,N/A,N/A,N/A,N/A,N/A,N/A,N/A,N/A,N/A,N/A,N/A,N/A,N/A,N/A,N/A,N/A,N/A,N/A,2023-11-29T22:51:45.3068910Z,N/A,N/A
153,2023-11-29T22:51:35.2430000Z,0ee16dab-8856-4515-98f8-0e446e23d1e4,WPI1_10,Successful,0,StartingWindow,Windows 10,1199,1797,Eastern Standard Time,"ANGLE (Intel, Intel(R) Iris(R) Xe Graphics (0x000046A6) Direct3D11 vs_5_0 ps_5_0, D3D11)",0,17,10,1,128,1.22.27,0,Chrome 119,3,-1,0,89.7876,711.8201,DEFAULT,1,3,1800,4000,3,"{99, 293}",467,"{230, 224}",683,"{446, 61}",650,N/A,N/A,N/A,N/A,N/A,N/A,N/A,N/A,N/A,N/A,N/A,N/A,N/A,N/A,N/A,N/A,N/A,N/A,N/A,N/A,N/A,N/A,N/A,N/A,2023-11-29T22:51:35.2430000Z,N/A,N/A
154,2023-11-29T22:51:35.2430000Z,0ee16dab-8856-4515-98f8-0e446e23d1e4,WPI1_10,Successful,0,StartingWindow,Windows 10,1199,1797,Eastern Standard Time,"ANGLE (Intel, Intel(R) Iris(R) Xe Graphics (0x000046A6) Direct3D11 vs_5_0 ps_5_0, D3D11)",0,17,10,1,128,1.22.27,0,Chrome 119,3,-1,1,103.66674,638.0654,DEFAULT,1,3,3001,4000,3,"{456, 183}",1150,"{230, 224}",1184,"{591, 244}",667,N/A,N/A,N/A,N/A,N/A,N/A,N/A,N/A,N/A,N/A,N/A,N/A,N/A,N/A,N/A,N/A,N/A,N/A,N/A,N/A,N/A,N/A,N/A,N/A,2023-11-29T22:51:35.2430000Z,N/A,N/A
155,2023-11-29T22:51:35.2430000Z,0ee16dab-8856-4515-98f8-0e446e23d1e4,WPI1_10,Successful,0,StartingWindow,Windows 10,1199,1797,Eastern Standard Time,"ANGLE (Intel, Intel(R) Iris(R) Xe Graphics (0x000046A6) Direct3D11 vs_5_0 ps_5_0, D3D11)",0,17,10,1,128,1.22.27,0,Chrome 119,3,-1,2,89.46563,667.219849,DEFAULT,1,4,3484,5000,4,"{456, 183}",1200,"{99, 293}",717,"{640, 122}",833,"{230, 224}",734,N/A,N/A,N/A,N/A,N/A,N/A,N/A,N/A,N/A,N/A,N/A,N/A,N/A,N/A,N/A,N/A,N/A,N/A,N/A,N/A,N/A,N/A,2023-11-29T22:51:35.2430000Z,N/A,N/A
156,2023-11-29T22:48:01.2880000Z,0ee16dab-8856-4515-98f8-0e446e23d1e4,WPI1_6,Successful,0,Real,Mac OS X 10_15_7,1598,2396,Eastern Standard Time,Apple GPU,0,17,10,1,128,1.22.27,0,Safari 17.1,3,8000,0,66.1788559,292.8963,DEFAULT,1,3,2167,4000,3,"{99, 293}",967,"{230, 224}",700,"{446, 61}",500,N/A,N/A,N/A,N/A,N/A,N/A,N/A,N/A,N/A,N/A,N/A,N/A,N/A,N/A,N/A,N/A,N/A,N/A,N/A,N/A,N/A,N/A,N/A,N/A,2023-11-29T22:48:01.2880000Z,N/A,N/A
157,2023-11-29T22:48:01.2880000Z,0ee16dab-8856-4515-98f8-0e446e23d1e4,WPI1_6,Successful,0,Real,Mac OS X 10_15_7,1598,2396,Eastern Standard Time,Apple GPU,0,17,10,1,128,1.22.27,0,Safari 17.1,3,8000,1,63.29865,160.065933,DEFAULT,1,3,2850,4000,3,"{456, 183}",1600,"{230, 224}",750,"{591, 244}",500,N/A,N/A,N/A,N/A,N/A,N/A,N/A,N/A,N/A,N/A,N/A,N/A,N/A,N/A,N/A,N/A,N/A,N/A,N/A,N/A,N/A,N/A,N/A,N/A,2023-11-29T22:48:01.2880000Z,N/A,N/A
158,2023-11-29T22:48:01.2880000Z,0ee16dab-8856-4515-98f8-0e446e23d1e4,WPI1_6,Successful,0,Real,Mac OS X 10_15_7,1598,2396,Eastern Standard Time,Apple GPU,0,17,10,1,128,1.22.27,0,Safari 17.1,3,9000,2,65.29679,236.805847,DEFAULT,1,4,2883,5000,4,"{456, 183}",600,"{99, 293}",717,"{640, 122}",783,"{230, 224}",783,N/A,N/A,N/A,N/A,N/A,N/A,N/A,N/A,N/A,N/A,N/A,N/A,N/A,N/A,N/A,N/A,N/A,N/A,N/A,N/A,N/A,N/A,2023-11-29T22:48:01.2880000Z,N/A,N/A
159,2023-11-29T22:48:01.2880000Z,0ee16dab-8856-4515-98f8-0e446e23d1e4,WPI1_6,Successful,0,Real,Mac OS X 10_15_7,1598,2396,Eastern Standard Time,Apple GPU,0,17,10,1,128,1.22.27,0,Safari 17.1,3,9000,3,61.3095,67.55095,DEFAULT,1,4,3017,5000,4,"{249, 41}",1050,"{640, 122}",667,"{99, 293}",583,"{49, 102}",717,N/A,N/A,N/A,N/A,N/A,N/A,N/A,N/A,N/A,N/A,N/A,N/A,N/A,N/A,N/A,N/A,N/A,N/A,N/A,N/A,N/A,N/A,2023-11-29T22:48:01.2880000Z,N/A,N/A
160,2023-11-29T22:48:01.2880000Z,0ee16dab-8856-4515-98f8-0e446e23d1e4,WPI1_6,Successful,0,Real,Mac OS X 10_15_7,1598,2396,Eastern Standard Time,Apple GPU,0,17,10,1,128,1.22.27,0,Safari 17.1,3,10000,4,66.63758,317.717163,DEFAULT,1,5,2784,6000,5,"{99, 293}",567,"{427, 315}",567,"{591, 244}",516,"{230, 224}",467,"{249, 41}",667,N/A,N/A,N/A,N/A,N/A,N/A,N/A,N/A,N/A,N/A,N/A,N/A,N/A,N/A,N/A,N/A,N/A,N/A,N/A,N/A,2023-11-29T22:48:01.2880000Z,N/A,N/A
161,2023-11-29T22:48:01.2880000Z,0ee16dab-8856-4515-98f8-0e446e23d1e4,WPI1_6,Successful,0,Real,Mac OS X 10_15_7,1598,2396,Eastern Standard Time,Apple GPU,0,17,10,1,128,1.22.27,0,Safari 17.1,3,10000,5,65.26115,273.47937,DEFAULT,1,5,3050,6000,5,"{640, 122}",1117,"{230, 224}",466,"{99, 293}",534,"{456, 183}",450,"{446, 61}",483,N/A,N/A,N/A,N/A,N/A,N/A,N/A,N/A,N/A,N/A,N/A,N/A,N/A,N/A,N/A,N/A,N/A,N/A,N/A,N/A,2023-11-29T22:48:01.2880000Z,N/A,N/A
162,2023-11-29T22:48:01.2880000Z,0ee16dab-8856-4515-98f8-0e446e23d1e4,WPI1_6,Successful,0,Real,Mac OS X 10_15_7,1598,2396,Eastern Standard Time,Apple GPU,0,17,10,1,128,1.22.27,0,Safari 17.1,3,11000,6,64.20572,206.040009,DEFAULT,0,6,3600,7000,6,"{446, 61}",833,"{49, 102}",667,"{456, 183}",567,"{230, 224}",516,"{427, 315}",484,"{249, 41}",533,N/A,N/A,N/A,N/A,N/A,N/A,N/A,N/A,N/A,N/A,N/A,N/A,N/A,N/A,N/A,N/A,N/A,N/A,2023-11-29T22:48:01.2880000Z,N/A,N/A
163,2023-11-29T22:48:01.2880000Z,0ee16dab-8856-4515-98f8-0e446e23d1e4,WPI1_6,Successful,0,Real,Mac OS X 10_15_7,1598,2396,Eastern Standard Time,Apple GPU,0,17,10,1,128,1.22.27,0,Safari 17.1,3,11000,7,62.6945229,134.143326,DEFAULT,1,6,4267,7000,6,"{249, 41}",784,"{446, 61}",750,"{640, 122}",700,"{49, 102}",633,"{99, 293}",617,"{427, 315}",783,N/A,N/A,N/A,N/A,N/A,N/A,N/A,N/A,N/A,N/A,N/A,N/A,N/A,N/A,N/A,N/A,N/A,N/A,2023-11-29T22:48:01.2880000Z,N/A,N/A
164,2023-11-29T22:48:01.2880000Z,0ee16dab-8856-4515-98f8-0e446e23d1e4,WPI1_6,Successful,0,Real,Mac OS X 10_15_7,1598,2396,Eastern Standard Time,Apple GPU,0,17,10,1,128,1.22.27,0,Safari 17.1,3,11000,8,60.6052666,33.09011,DEFAULT,0,6,3134,7000,4,"{249, 41}",600,"{99, 293}",634,"{49, 102}",800,"{591, 244}",1100,"{230, 224}",N/A,"{640, 122}",N/A,N/A,N/A,N/A,N/A,N/A,N/A,N/A,N/A,N/A,N/A,N/A,N/A,N/A,N/A,N/A,N/A,N/A,N/A,2023-11-29T22:48:01.2880000Z,N/A,N/A
165,2023-11-29T22:48:01.2880000Z,0ee16dab-8856-4515-98f8-0e446e23d1e4,WPI1_6,Successful,0,Real,Mac OS X 10_15_7,1598,2396,Eastern Standard Time,Apple GPU,0,17,10,1,128,1.22.27,0,Safari 17.1,3,11000,9,62.9806633,156.318115,DEFAULT,1,6,4250,7000,6,"{591, 244}",967,"{249, 41}",633,"{640, 122}",634,"{49, 102}",600,"{99, 293}",683,"{427, 315}",733,N/A,N/A,N/A,N/A,N/A,N/A,N/A,N/A,N/A,N/A,N/A,N/A,N/A,N/A,N/A,N/A,N/A,N/A,2023-11-29T22:48:01.2880000Z,N/A,N/A
166,2023-11-29T22:48:01.2880000Z,0ee16dab-8856-4515-98f8-0e446e23d1e4,WPI1_6,Successful,0,Real,Mac OS X 10_15_7,1598,2396,Eastern Standard Time,Apple GPU,0,17,10,1,128,1.22.27,0,Safari 17.1,3,11000,10,62.48608,128.657913,DEFAULT,0,6,2600,7000,3,"{640, 122}",1017,"{446, 61}",616,"{230, 224}",967,"{456, 183}",N/A,"{427, 315}",N/A,"{591, 244}",N/A,N/A,N/A,N/A,N/A,N/A,N/A,N/A,N/A,N/A,N/A,N/A,N/A,N/A,N/A,N/A,N/A,N/A,N/A,2023-11-29T22:48:01.2880000Z,N/A,N/A
167,2023-11-29T22:48:01.2880000Z,0ee16dab-8856-4515-98f8-0e446e23d1e4,WPI1_6,Successful,0,Real,Mac OS X 10_15_7,1598,2396,Eastern Standard Time,Apple GPU,0,17,10,1,128,1.22.27,0,Safari 17.1,3,11000,11,60.43024,23.66816,DEFAULT,0,6,3900,7000,3,"{99, 293}",984,"{640, 122}",1233,"{446, 61}",1683,"{456, 183}",N/A,"{49, 102}",N/A,"{591, 244}",N/A,N/A,N/A,N/A,N/A,N/A,N/A,N/A,N/A,N/A,N/A,N/A,N/A,N/A,N/A,N/A,N/A,N/A,N/A,2023-11-29T22:48:01.2880000Z,N/A,N/A
168,2023-11-29T22:48:01.2880000Z,0ee16dab-8856-4515-98f8-0e446e23d1e4,WPI1_6,Successful,0,Real,Mac OS X 10_15_7,1598,2396,Eastern Standard Time,Apple GPU,0,17,10,1,128,1.22.27,0,Safari 17.1,3,11000,12,63.6720963,165.833542,DEFAULT,0,6,2000,7000,2,"{640, 122}",1267,"{446, 61}",733,"{591, 244}",N/A,"{230, 224}",N/A,"{249, 41}",N/A,"{49, 102}",N/A,N/A,N/A,N/A,N/A,N/A,N/A,N/A,N/A,N/A,N/A,N/A,N/A,N/A,N/A,N/A,N/A,N/A,N/A,2023-11-29T22:48:01.2880000Z,N/A,N/A
169,2023-11-29T22:47:18.9210000Z,0ee16dab-8856-4515-98f8-0e446e23d1e4,WPI1_6,Successful,0,StartingWindow,Mac OS X 10_15_7,1598,2396,Eastern Standard Time,Apple GPU,0,17,10,1,128,1.22.27,0,Safari 17.1,3,-1,0,66.43756,298.920654,DEFAULT,1,3,2017,4000,3,"{99, 293}",834,"{230, 224}",683,"{446, 61}",500,N/A,N/A,N/A,N/A,N/A,N/A,N/A,N/A,N/A,N/A,N/A,N/A,N/A,N/A,N/A,N/A,N/A,N/A,N/A,N/A,N/A,N/A,N/A,N/A,2023-11-29T22:47:18.9210000Z,N/A,N/A
170,2023-11-29T22:47:18.9210000Z,0ee16dab-8856-4515-98f8-0e446e23d1e4,WPI1_6,Successful,0,StartingWindow,Mac OS X 10_15_7,1598,2396,Eastern Standard Time,Apple GPU,0,17,10,1,128,1.22.27,0,Safari 17.1,3,-1,1,66.98279,352.392181,DEFAULT,1,3,2034,4000,3,"{456, 183}",750,"{230, 224}",584,"{591, 244}",700,N/A,N/A,N/A,N/A,N/A,N/A,N/A,N/A,N/A,N/A,N/A,N/A,N/A,N/A,N/A,N/A,N/A,N/A,N/A,N/A,N/A,N/A,N/A,N/A,2023-11-29T22:47:18.9210000Z,N/A,N/A
171,2023-11-29T22:47:18.9210000Z,0ee16dab-8856-4515-98f8-0e446e23d1e4,WPI1_6,Successful,0,StartingWindow,Mac OS X 10_15_7,1598,2396,Eastern Standard Time,Apple GPU,0,17,10,1,128,1.22.27,0,Safari 17.1,3,-1,2,64.80812,234.7622,DEFAULT,1,4,2933,5000,4,"{456, 183}",717,"{99, 293}",816,"{640, 122}",784,"{230, 224}",616,N/A,N/A,N/A,N/A,N/A,N/A,N/A,N/A,N/A,N/A,N/A,N/A,N/A,N/A,N/A,N/A,N/A,N/A,N/A,N/A,N/A,N/A,2023-11-29T22:47:18.9210000Z,N/A,N/A
172,2023-11-29T14:55:34.6710000Z,0ee16dab-8856-4515-98f8-0e446e23d1e4,WPI1_4,Successful,0,Real,Mac OS X 10_15_7,799,1198,Eastern Standard Time,"ANGLE (ATI Technologies Inc., AMD Radeon Pro 5300M OpenGL Engine, OpenGL 4.1)",0,17,10,1,128,1.22.27,0,Chrome 119,3,8000,0,118.752052,77.26005549999999,DEFAULT,1,3,1850,4000,3,"{99, 293}",650,"{230, 224}",650,"{446, 61}",550,N/A,N/A,N/A,N/A,N/A,N/A,N/A,N/A,N/A,N/A,N/A,N/A,N/A,N/A,N/A,N/A,N/A,N/A,N/A,N/A,N/A,N/A,N/A,N/A,2023-11-29T14:55:34.6710000Z,N/A,N/A
173,2023-11-29T14:55:34.6710000Z,0ee16dab-8856-4515-98f8-0e446e23d1e4,WPI1_4,Successful,0,Real,Mac OS X 10_15_7,799,1198,Eastern Standard Time,"ANGLE (ATI Technologies Inc., AMD Radeon Pro 5300M OpenGL Engine, OpenGL 4.1)",0,17,10,1,128,1.22.27,0,Chrome 119,3,8000,1,118.479279,71.47459,DEFAULT,1,3,1416,4000,3,"{456, 183}",416,"{230, 224}",484,"{591, 244}",516,N/A,N/A,N/A,N/A,N/A,N/A,N/A,N/A,N/A,N/A,N/A,N/A,N/A,N/A,N/A,N/A,N/A,N/A,N/A,N/A,N/A,N/A,N/A,N/A,2023-11-29T14:55:34.6710000Z,N/A,N/A
174,2023-11-29T14:55:34.6710000Z,0ee16dab-8856-4515-98f8-0e446e23d1e4,WPI1_4,Successful,0,Real,Mac OS X 10_15_7,799,1198,Eastern Standard Time,"ANGLE (ATI Technologies Inc., AMD Radeon Pro 5300M OpenGL Engine, OpenGL 4.1)",0,17,10,1,128,1.22.27,0,Chrome 119,3,9000,2,118.384048,74.9157639,DEFAULT,1,4,2000,5000,4,"{456, 183}",500,"{99, 293}",517,"{640, 122}",549,"{230, 224}",434,N/A,N/A,N/A,N/A,N/A,N/A,N/A,N/A,N/A,N/A,N/A,N/A,N/A,N/A,N/A,N/A,N/A,N/A,N/A,N/A,N/A,N/A,2023-11-29T14:55:34.6710000Z,N/A,N/A
175,2023-11-29T14:55:34.6710000Z,0ee16dab-8856-4515-98f8-0e446e23d1e4,WPI1_4,Successful,0,Real,Mac OS X 10_15_7,799,1198,Eastern Standard Time,"ANGLE (ATI Technologies Inc., AMD Radeon Pro 5300M OpenGL Engine, OpenGL 4.1)",0,17,10,1,128,1.22.27,0,Chrome 119,3,9000,3,119.075058,74.0566254,DEFAULT,1,4,1934,5000,4,"{249, 41}",417,"{640, 122}",450,"{99, 293}",633,"{49, 102}",434,N/A,N/A,N/A,N/A,N/A,N/A,N/A,N/A,N/A,N/A,N/A,N/A,N/A,N/A,N/A,N/A,N/A,N/A,N/A,N/A,N/A,N/A,2023-11-29T14:55:34.6710000Z,N/A,N/A
176,2023-11-29T14:55:34.6710000Z,0ee16dab-8856-4515-98f8-0e446e23d1e4,WPI1_4,Successful,0,Real,Mac OS X 10_15_7,799,1198,Eastern Standard Time,"ANGLE (ATI Technologies Inc., AMD Radeon Pro 5300M OpenGL Engine, OpenGL 4.1)",0,17,10,1,128,1.22.27,0,Chrome 119,3,10000,4,118.90284,74.3147659,DEFAULT,1,5,2150,6000,5,"{99, 293}",366,"{427, 315}",384,"{591, 244}",400,"{230, 224}",366,"{249, 41}",634,N/A,N/A,N/A,N/A,N/A,N/A,N/A,N/A,N/A,N/A,N/A,N/A,N/A,N/A,N/A,N/A,N/A,N/A,N/A,N/A,2023-11-29T14:55:34.6710000Z,N/A,N/A
177,2023-11-29T14:55:34.6710000Z,0ee16dab-8856-4515-98f8-0e446e23d1e4,WPI1_4,Successful,0,Real,Mac OS X 10_15_7,799,1198,Eastern Standard Time,"ANGLE (ATI Technologies Inc., AMD Radeon Pro 5300M OpenGL Engine, OpenGL 4.1)",0,17,10,1,128,1.22.27,0,Chrome 119,3,10000,5,119.14994,74.4722061,DEFAULT,1,5,2750,6000,5,"{640, 122}",567,"{230, 224}",350,"{99, 293}",650,"{456, 183}",733,"{446, 61}",450,N/A,N/A,N/A,N/A,N/A,N/A,N/A,N/A,N/A,N/A,N/A,N/A,N/A,N/A,N/A,N/A,N/A,N/A,N/A,N/A,2023-11-29T14:55:34.6710000Z,N/A,N/A
178,2023-11-29T14:55:34.6710000Z,0ee16dab-8856-4515-98f8-0e446e23d1e4,WPI1_4,Successful,0,Real,Mac OS X 10_15_7,799,1198,Eastern Standard Time,"ANGLE (ATI Technologies Inc., AMD Radeon Pro 5300M OpenGL Engine, OpenGL 4.1)",0,17,10,1,128,1.22.27,0,Chrome 119,3,11000,6,119.868141,75.90408,DEFAULT,1,6,2434,7000,6,"{446, 61}",334,"{49, 102}",416,"{456, 183}",350,"{230, 224}",334,"{427, 315}",566,"{249, 41}",434,N/A,N/A,N/A,N/A,N/A,N/A,N/A,N/A,N/A,N/A,N/A,N/A,N/A,N/A,N/A,N/A,N/A,N/A,2023-11-29T14:55:34.6710000Z,N/A,N/A
179,2023-11-29T14:55:34.6710000Z,0ee16dab-8856-4515-98f8-0e446e23d1e4,WPI1_4,Successful,0,Real,Mac OS X 10_15_7,799,1198,Eastern Standard Time,"ANGLE (ATI Technologies Inc., AMD Radeon Pro 5300M OpenGL Engine, OpenGL 4.1)",0,17,10,1,128,1.22.27,0,Chrome 119,3,11000,7,120.029961,79.71262,DEFAULT,0,6,2350,7000,6,"{249, 41}",317,"{446, 61}",400,"{640, 122}",367,"{49, 102}",466,"{99, 293}",434,"{427, 315}",366,N/A,N/A,N/A,N/A,N/A,N/A,N/A,N/A,N/A,N/A,N/A,N/A,N/A,N/A,N/A,N/A,N/A,N/A,2023-11-29T14:55:34.6710000Z,N/A,N/A
180,2023-11-29T14:55:34.6710000Z,0ee16dab-8856-4515-98f8-0e446e23d1e4,WPI1_4,Successful,0,Real,Mac OS X 10_15_7,799,1198,Eastern Standard Time,"ANGLE (ATI Technologies Inc., AMD Radeon Pro 5300M OpenGL Engine, OpenGL 4.1)",0,17,10,1,128,1.22.27,0,Chrome 119,3,11000,8,118.569695,77.93664,DEFAULT,0,6,2483,7000,6,"{249, 41}",300,"{99, 293}",416,"{49, 102}",400,"{591, 244}",500,"{230, 224}",550,"{640, 122}",317,N/A,N/A,N/A,N/A,N/A,N/A,N/A,N/A,N/A,N/A,N/A,N/A,N/A,N/A,N/A,N/A,N/A,N/A,2023-11-29T14:55:34.6710000Z,N/A,N/A
181,2023-11-29T14:55:34.6710000Z,0ee16dab-8856-4515-98f8-0e446e23d1e4,WPI1_4,Successful,0,Real,Mac OS X 10_15_7,799,1198,Eastern Standard Time,"ANGLE (ATI Technologies Inc., AMD Radeon Pro 5300M OpenGL Engine, OpenGL 4.1)",0,17,10,1,128,1.22.27,0,Chrome 119,3,11000,9,118.76033,78.49886,DEFAULT,1,6,3016,7000,6,"{591, 244}",500,"{249, 41}",383,"{640, 122}",383,"{49, 102}",567,"{99, 293}",417,"{427, 315}",766,N/A,N/A,N/A,N/A,N/A,N/A,N/A,N/A,N/A,N/A,N/A,N/A,N/A,N/A,N/A,N/A,N/A,N/A,2023-11-29T14:55:34.6710000Z,N/A,N/A
182,2023-11-29T14:55:34.6710000Z,0ee16dab-8856-4515-98f8-0e446e23d1e4,WPI1_4,Successful,0,Real,Mac OS X 10_15_7,799,1198,Eastern Standard Time,"ANGLE (ATI Technologies Inc., AMD Radeon Pro 5300M OpenGL Engine, OpenGL 4.1)",0,17,10,1,128,1.22.27,0,Chrome 119,3,11000,10,119.440147,72.25847,DEFAULT,1,6,2400,7000,6,"{640, 122}",283,"{446, 61}",617,"{230, 224}",333,"{456, 183}",400,"{427, 315}",434,"{591, 244}",333,N/A,N/A,N/A,N/A,N/A,N/A,N/A,N/A,N/A,N/A,N/A,N/A,N/A,N/A,N/A,N/A,N/A,N/A,2023-11-29T14:55:34.6710000Z,N/A,N/A
183,2023-11-29T14:55:34.6710000Z,0ee16dab-8856-4515-98f8-0e446e23d1e4,WPI1_4,Successful,0,Real,Mac OS X 10_15_7,799,1198,Eastern Standard Time,"ANGLE (ATI Technologies Inc., AMD Radeon Pro 5300M OpenGL Engine, OpenGL 4.1)",0,17,10,1,128,1.22.27,0,Chrome 119,3,12000,11,119.040237,71.85962,DEFAULT,0,7,2800,8000,7,"{49, 102}",333,"{249, 41}",367,"{230, 224}",334,"{99, 293}",550,"{591, 244}",416,"{456, 183}",400,"{446, 61}",400,N/A,N/A,N/A,N/A,N/A,N/A,N/A,N/A,N/A,N/A,N/A,N/A,N/A,N/A,N/A,N/A,2023-11-29T14:55:34.6710000Z,N/A,N/A
184,2023-11-29T14:55:34.6710000Z,0ee16dab-8856-4515-98f8-0e446e23d1e4,WPI1_4,Successful,0,Real,Mac OS X 10_15_7,799,1198,Eastern Standard Time,"ANGLE (ATI Technologies Inc., AMD Radeon Pro 5300M OpenGL Engine, OpenGL 4.1)",0,17,10,1,128,1.22.27,0,Chrome 119,3,12000,12,119.000725,75.04908,DEFAULT,1,7,2816,8000,7,"{456, 183}",233,"{591, 244}",433,"{99, 293}",434,"{230, 224}",466,"{49, 102}",384,"{427, 315}",533,"{640, 122}",333,N/A,N/A,N/A,N/A,N/A,N/A,N/A,N/A,N/A,N/A,N/A,N/A,N/A,N/A,N/A,N/A,2023-11-29T14:55:34.6710000Z,N/A,N/A
185,2023-11-29T14:55:34.6710000Z,0ee16dab-8856-4515-98f8-0e446e23d1e4,WPI1_4,Successful,0,Real,Mac OS X 10_15_7,799,1198,Eastern Standard Time,"ANGLE (ATI Technologies Inc., AMD Radeon Pro 5300M OpenGL Engine, OpenGL 4.1)",0,17,10,1,128,1.22.27,0,Chrome 119,3,12000,13,118.815559,77.81284,DEFAULT,0,7,3500,8000,5,"{99, 293}",300,"{640, 122}",350,"{230, 224}",333,"{591, 244}",350,"{456, 183}",2167,"{249, 41}",N/A,"{446, 61}",N/A,N/A,N/A,N/A,N/A,N/A,N/A,N/A,N/A,N/A,N/A,N/A,N/A,N/A,N/A,N/A,N/A,2023-11-29T14:55:34.6710000Z,N/A,N/A
186,2023-11-29T14:55:34.6710000Z,0ee16dab-8856-4515-98f8-0e446e23d1e4,WPI1_4,Successful,0,Real,Mac OS X 10_15_7,799,1198,Eastern Standard Time,"ANGLE (ATI Technologies Inc., AMD Radeon Pro 5300M OpenGL Engine, OpenGL 4.1)",0,17,10,1,128,1.22.27,0,Chrome 119,3,12000,14,118.830086,73.8789,DEFAULT,1,7,5600,8000,7,"{249, 41}",534,"{446, 61}",900,"{230, 224}",383,"{456, 183}",1567,"{591, 244}",866,"{640, 122}",917,"{99, 293}",433,N/A,N/A,N/A,N/A,N/A,N/A,N/A,N/A,N/A,N/A,N/A,N/A,N/A,N/A,N/A,N/A,2023-11-29T14:55:34.6710000Z,N/A,N/A
187,2023-11-29T14:55:34.6710000Z,0ee16dab-8856-4515-98f8-0e446e23d1e4,WPI1_4,Successful,0,Real,Mac OS X 10_15_7,799,1198,Eastern Standard Time,"ANGLE (ATI Technologies Inc., AMD Radeon Pro 5300M OpenGL Engine, OpenGL 4.1)",0,17,10,1,128,1.22.27,0,Chrome 119,3,12000,15,118.927834,73.7990952,DEFAULT,1,7,3100,8000,7,"{49, 102}",317,"{591, 244}",383,"{230, 224}",433,"{446, 61}",484,"{427, 315}",483,"{249, 41}",400,"{640, 122}",600,N/A,N/A,N/A,N/A,N/A,N/A,N/A,N/A,N/A,N/A,N/A,N/A,N/A,N/A,N/A,N/A,2023-11-29T14:55:34.6710000Z,N/A,N/A
188,2023-11-29T14:55:34.6710000Z,0ee16dab-8856-4515-98f8-0e446e23d1e4,WPI1_4,Successful,0,Real,Mac OS X 10_15_7,799,1198,Eastern Standard Time,"ANGLE (ATI Technologies Inc., AMD Radeon Pro 5300M OpenGL Engine, OpenGL 4.1)",0,17,10,1,128,1.22.27,0,Chrome 119,3,13000,16,118.631691,77.7704,DEFAULT,0,8,350,9000,1,"{591, 244}",350,"{230, 224}",N/A,"{49, 102}",N/A,"{456, 183}",N/A,"{249, 41}",N/A,"{427, 315}",N/A,"{99, 293}",N/A,"{640, 122}",N/A,N/A,N/A,N/A,N/A,N/A,N/A,N/A,N/A,N/A,N/A,N/A,N/A,N/A,N/A,2023-11-29T14:55:34.6710000Z,N/A,N/A
189,2023-11-29T14:55:34.6710000Z,0ee16dab-8856-4515-98f8-0e446e23d1e4,WPI1_4,Successful,0,Real,Mac OS X 10_15_7,799,1198,Eastern Standard Time,"ANGLE (ATI Technologies Inc., AMD Radeon Pro 5300M OpenGL Engine, OpenGL 4.1)",0,17,10,1,128,1.22.27,0,Chrome 119,3,13000,17,119.359032,76.73579,DEFAULT,0,8,3967,9000,7,"{591, 244}",1067,"{446, 61}",533,"{456, 183}",450,"{427, 315}",500,"{249, 41}",600,"{99, 293}",467,"{49, 102}",350,"{640, 122}",N/A,N/A,N/A,N/A,N/A,N/A,N/A,N/A,N/A,N/A,N/A,N/A,N/A,N/A,N/A,2023-11-29T14:55:34.6710000Z,N/A,N/A
190,2023-11-29T14:55:34.6710000Z,0ee16dab-8856-4515-98f8-0e446e23d1e4,WPI1_4,Successful,0,Real,Mac OS X 10_15_7,799,1198,Eastern Standard Time,"ANGLE (ATI Technologies Inc., AMD Radeon Pro 5300M OpenGL Engine, OpenGL 4.1)",0,17,10,1,128,1.22.27,0,Chrome 119,3,13000,18,119.352608,79.701004,DEFAULT,1,8,4650,9000,8,"{427, 315}",317,"{446, 61}",333,"{591, 244}",550,"{640, 122}",417,"{456, 183}",416,"{249, 41}",400,"{99, 293}",1100,"{230, 224}",1117,N/A,N/A,N/A,N/A,N/A,N/A,N/A,N/A,N/A,N/A,N/A,N/A,N/A,N/A,2023-11-29T14:55:34.6710000Z,N/A,N/A
191,2023-11-29T14:55:34.6710000Z,0ee16dab-8856-4515-98f8-0e446e23d1e4,WPI1_4,Successful,0,Real,Mac OS X 10_15_7,799,1198,Eastern Standard Time,"ANGLE (ATI Technologies Inc., AMD Radeon Pro 5300M OpenGL Engine, OpenGL 4.1)",0,17,10,1,128,1.22.27,0,Chrome 119,3,13000,19,119.224838,77.46762,DEFAULT,0,8,2933,9000,7,"{446, 61}",350,"{230, 224}",433,"{640, 122}",417,"{456, 183}",433,"{427, 315}",400,"{249, 41}",533,"{49, 102}",367,"{99, 293}",N/A,N/A,N/A,N/A,N/A,N/A,N/A,N/A,N/A,N/A,N/A,N/A,N/A,N/A,N/A,2023-11-29T14:55:34.6710000Z,N/A,N/A
192,2023-11-29T14:55:34.6710000Z,0ee16dab-8856-4515-98f8-0e446e23d1e4,WPI1_4,Successful,0,Real,Mac OS X 10_15_7,799,1198,Eastern Standard Time,"ANGLE (ATI Technologies Inc., AMD Radeon Pro 5300M OpenGL Engine, OpenGL 4.1)",0,17,10,1,128,1.22.27,0,Chrome 119,3,13000,20,119.319542,76.42907,DEFAULT,0,8,5283,9000,6,"{446, 61}",783,"{456, 183}",417,"{99, 293}",550,"{230, 224}",1833,"{49, 102}",1133,"{249, 41}",567,"{591, 244}",N/A,"{427, 315}",N/A,N/A,N/A,N/A,N/A,N/A,N/A,N/A,N/A,N/A,N/A,N/A,N/A,N/A,N/A,2023-11-29T14:55:34.6710000Z,N/A,N/A
193,2023-11-29T14:55:34.6710000Z,0ee16dab-8856-4515-98f8-0e446e23d1e4,WPI1_4,Successful,0,Real,Mac OS X 10_15_7,799,1198,Eastern Standard Time,"ANGLE (ATI Technologies Inc., AMD Radeon Pro 5300M OpenGL Engine, OpenGL 4.1)",0,17,10,1,128,1.22.27,0,Chrome 119,3,13000,21,119.557991,73.37986,DEFAULT,0,8,3550,9000,7,"{446, 61}",683,"{640, 122}",400,"{99, 293}",434,"{249, 41}",516,"{49, 102}",584,"{427, 315}",533,"{230, 224}",400,"{456, 183}",N/A,N/A,N/A,N/A,N/A,N/A,N/A,N/A,N/A,N/A,N/A,N/A,N/A,N/A,N/A,2023-11-29T14:55:34.6710000Z,N/A,N/A
194,2023-11-29T14:55:08.4580000Z,0ee16dab-8856-4515-98f8-0e446e23d1e4,WPI1_4,Successful,0,StartingWindow,Mac OS X 10_15_7,799,1198,Eastern Standard Time,"ANGLE (ATI Technologies Inc., AMD Radeon Pro 5300M OpenGL Engine, OpenGL 4.1)",0,17,10,1,128,1.22.27,0,Chrome 119,3,-1,0,119.612648,73.5135956,DEFAULT,1,3,1367,4000,3,"{99, 293}",467,"{230, 224}",483,"{446, 61}",417,N/A,N/A,N/A,N/A,N/A,N/A,N/A,N/A,N/A,N/A,N/A,N/A,N/A,N/A,N/A,N/A,N/A,N/A,N/A,N/A,N/A,N/A,N/A,N/A,2023-11-29T14:55:08.4580000Z,N/A,N/A
195,2023-11-29T14:55:08.4580000Z,0ee16dab-8856-4515-98f8-0e446e23d1e4,WPI1_4,Successful,0,StartingWindow,Mac OS X 10_15_7,799,1198,Eastern Standard Time,"ANGLE (ATI Technologies Inc., AMD Radeon Pro 5300M OpenGL Engine, OpenGL 4.1)",0,17,10,1,128,1.22.27,0,Chrome 119,3,-1,1,121.23877,79.09275,DEFAULT,1,3,1251,4000,3,"{456, 183}",467,"{230, 224}",383,"{591, 244}",401,N/A,N/A,N/A,N/A,N/A,N/A,N/A,N/A,N/A,N/A,N/A,N/A,N/A,N/A,N/A,N/A,N/A,N/A,N/A,N/A,N/A,N/A,N/A,N/A,2023-11-29T14:55:08.4580000Z,N/A,N/A
196,2023-11-29T14:55:08.4580000Z,0ee16dab-8856-4515-98f8-0e446e23d1e4,WPI1_4,Successful,0,StartingWindow,Mac OS X 10_15_7,799,1198,Eastern Standard Time,"ANGLE (ATI Technologies Inc., AMD Radeon Pro 5300M OpenGL Engine, OpenGL 4.1)",0,17,10,1,128,1.22.27,0,Chrome 119,3,-1,2,118.832359,72.32456,DEFAULT,0,4,484,5000,1,"{456, 183}",484,"{99, 293}",N/A,"{640, 122}",N/A,"{230, 224}",N/A,N/A,N/A,N/A,N/A,N/A,N/A,N/A,N/A,N/A,N/A,N/A,N/A,N/A,N/A,N/A,N/A,N/A,N/A,N/A,N/A,N/A,N/A,2023-11-29T14:55:08.4580000Z,N/A,N/A
197,2023-11-28T22:58:08.7297300Z,0ee16dab-8856-4515-98f8-0e446e23d1e4,WPI1_3,Successful,0,Real,iOS 16.1.2,828,1792,EST,Apple A12 GPU,0,8,10,6,2838,1.22.31,326,"iPhone11,8",1,8000,0,60.0417633,2.39143634,DEFAULT,1,3,1167,4000,3,"{99, 293}",533,"{230, 224}",350,"{446, 61}",284,N/A,N/A,N/A,N/A,N/A,N/A,N/A,N/A,N/A,N/A,N/A,N/A,N/A,N/A,N/A,N/A,N/A,N/A,N/A,N/A,N/A,N/A,N/A,N/A,2023-11-28T22:58:08.7297300Z,N/A,N/A
198,2023-11-28T22:58:08.7297300Z,0ee16dab-8856-4515-98f8-0e446e23d1e4,WPI1_3,Successful,0,Real,iOS 16.1.2,828,1792,EST,Apple A12 GPU,0,8,10,6,2838,1.22.31,326,"iPhone11,8",1,8000,1,60.0245361,1.139103,DEFAULT,1,3,1833,4000,3,"{456, 183}",950,"{230, 224}",483,"{591, 244}",400,N/A,N/A,N/A,N/A,N/A,N/A,N/A,N/A,N/A,N/A,N/A,N/A,N/A,N/A,N/A,N/A,N/A,N/A,N/A,N/A,N/A,N/A,N/A,N/A,2023-11-28T22:58:08.7297300Z,N/A,N/A
199,2023-11-28T22:58:08.7297300Z,0ee16dab-8856-4515-98f8-0e446e23d1e4,WPI1_3,Successful,0,Real,iOS 16.1.2,828,1792,EST,Apple A12 GPU,0,8,10,6,2838,1.22.31,326,"iPhone11,8",1,9000,2,60.0225,1.15356684,DEFAULT,1,4,2017,5000,4,"{456, 183}",500,"{99, 293}",500,"{640, 122}",534,"{230, 224}",483,N/A,N/A,N/A,N/A,N/A,N/A,N/A,N/A,N/A,N/A,N/A,N/A,N/A,N/A,N/A,N/A,N/A,N/A,N/A,N/A,N/A,N/A,2023-11-28T22:58:08.7297300Z,N/A,N/A
200,2023-11-28T22:58:08.7297300Z,0ee16dab-8856-4515-98f8-0e446e23d1e4,WPI1_3,Successful,0,Real,iOS 16.1.2,828,1792,EST,Apple A12 GPU,0,8,10,6,2838,1.22.31,326,"iPhone11,8",1,9000,3,60.0267563,1.4591534099999999,DEFAULT,1,4,2500,5000,4,"{249, 41}",816,"{640, 122}",384,"{99, 293}",833,"{49, 102}",467,N/A,N/A,N/A,N/A,N/A,N/A,N/A,N/A,N/A,N/A,N/A,N/A,N/A,N/A,N/A,N/A,N/A,N/A,N/A,N/A,N/A,N/A,2023-11-28T22:58:08.7297300Z,N/A,N/A
201,2023-11-28T22:58:08.7297300Z,0ee16dab-8856-4515-98f8-0e446e23d1e4,WPI1_3,Successful,0,Real,iOS 16.1.2,828,1792,EST,Apple A12 GPU,0,8,10,6,2838,1.22.31,326,"iPhone11,8",1,10000,4,60.02391,1.21213186,DEFAULT,0,5,1800,6000,4,"{99, 293}",700,"{427, 315}",266,"{591, 244}",350,"{230, 224}",484,"{249, 41}",N/A,N/A,N/A,N/A,N/A,N/A,N/A,N/A,N/A,N/A,N/A,N/A,N/A,N/A,N/A,N/A,N/A,N/A,N/A,N/A,N/A,2023-11-28T22:58:08.7297300Z,N/A,N/A
202,2023-11-28T22:58:08.7297300Z,0ee16dab-8856-4515-98f8-0e446e23d1e4,WPI1_3,Successful,0,Real,iOS 16.1.2,828,1792,EST,Apple A12 GPU,0,8,10,6,2838,1.22.31,326,"iPhone11,8",1,10000,5,60.0533752,3.22698927,DEFAULT,0,5,1284,6000,3,"{640, 122}",667,"{230, 224}",317,"{99, 293}",300,"{456, 183}",N/A,"{446, 61}",N/A,N/A,N/A,N/A,N/A,N/A,N/A,N/A,N/A,N/A,N/A,N/A,N/A,N/A,N/A,N/A,N/A,N/A,N/A,N/A,N/A,2023-11-28T22:58:08.7297300Z,N/A,N/A
203,2023-11-28T22:58:08.7297300Z,0ee16dab-8856-4515-98f8-0e446e23d1e4,WPI1_3,Successful,0,Real,iOS 16.1.2,828,1792,EST,Apple A12 GPU,0,8,10,6,2838,1.22.31,326,"iPhone11,8",1,10000,6,60.0305557,1.530383,DEFAULT,0,5,2633,6000,2,"{249, 41}",1433,"{446, 61}",1200,"{640, 122}",N/A,"{427, 315}",N/A,"{230, 224}",N/A,N/A,N/A,N/A,N/A,N/A,N/A,N/A,N/A,N/A,N/A,N/A,N/A,N/A,N/A,N/A,N/A,N/A,N/A,N/A,N/A,2023-11-28T22:58:08.7297300Z,N/A,N/A
204,2023-11-28T22:57:35.4049480Z,0ee16dab-8856-4515-98f8-0e446e23d1e4,WPI1_3,Successful,0,StartingWindow,iOS 16.1.2,828,1792,EST,Apple A12 GPU,0,8,10,6,2838,1.22.31,326,"iPhone11,8",1,-1,0,60.0265121,1.255733,DEFAULT,1,3,1267,4000,3,"{99, 293}",500,"{230, 224}",433,"{446, 61}",334,N/A,N/A,N/A,N/A,N/A,N/A,N/A,N/A,N/A,N/A,N/A,N/A,N/A,N/A,N/A,N/A,N/A,N/A,N/A,N/A,N/A,N/A,N/A,N/A,2023-11-28T22:57:35.4049480Z,N/A,N/A
205,2023-11-28T22:57:35.4049480Z,0ee16dab-8856-4515-98f8-0e446e23d1e4,WPI1_3,Successful,0,StartingWindow,iOS 16.1.2,828,1792,EST,Apple A12 GPU,0,8,10,6,2838,1.22.31,326,"iPhone11,8",1,-1,1,60.0323334,1.8066698300000001,DEFAULT,1,3,1417,4000,3,"{456, 183}",500,"{230, 224}",484,"{591, 244}",433,N/A,N/A,N/A,N/A,N/A,N/A,N/A,N/A,N/A,N/A,N/A,N/A,N/A,N/A,N/A,N/A,N/A,N/A,N/A,N/A,N/A,N/A,N/A,N/A,2023-11-28T22:57:35.4049480Z,N/A,N/A
206,2023-11-28T22:57:35.4049480Z,0ee16dab-8856-4515-98f8-0e446e23d1e4,WPI1_3,Successful,0,StartingWindow,iOS 16.1.2,828,1792,EST,Apple A12 GPU,0,8,10,6,2838,1.22.31,326,"iPhone11,8",1,-1,2,60.03164,1.58997965,DEFAULT,1,4,2700,5000,4,"{456, 183}",1250,"{99, 293}",466,"{640, 122}",500,"{230, 224}",484,N/A,N/A,N/A,N/A,N/A,N/A,N/A,N/A,N/A,N/A,N/A,N/A,N/A,N/A,N/A,N/A,N/A,N/A,N/A,N/A,N/A,N/A,2023-11-28T22:57:35.4049480Z,N/A,N/A
207,2023-11-28T22:14:31.0555590Z,0ee16dab-8856-4515-98f8-0e446e23d1e4,WPI1_2,Successful,0,Real,iOS 16.1.2,828,1792,EST,Apple A12 GPU,0,8,10,6,2838,1.22.31,326,"iPhone11,8",1,8000,0,60.0292664,1.53910959,DEFAULT,0,3,4417,4000,3,"{99, 293}",3317,"{230, 224}",516,"{446, 61}",584,N/A,N/A,N/A,N/A,N/A,N/A,N/A,N/A,N/A,N/A,N/A,N/A,N/A,N/A,N/A,N/A,N/A,N/A,N/A,N/A,N/A,N/A,N/A,N/A,2023-11-28T22:14:31.0555590Z,N/A,N/A
208,2023-11-28T22:14:31.0555590Z,0ee16dab-8856-4515-98f8-0e446e23d1e4,WPI1_2,Successful,0,Real,iOS 16.1.2,828,1792,EST,Apple A12 GPU,0,8,10,6,2838,1.22.31,326,"iPhone11,8",1,8000,1,60.0321121,1.5431095400000001,DEFAULT,1,3,2900,4000,3,"{456, 183}",1850,"{230, 224}",650,"{591, 244}",400,N/A,N/A,N/A,N/A,N/A,N/A,N/A,N/A,N/A,N/A,N/A,N/A,N/A,N/A,N/A,N/A,N/A,N/A,N/A,N/A,N/A,N/A,N/A,N/A,2023-11-28T22:14:31.0555590Z,N/A,N/A
209,2023-11-28T22:14:31.0555590Z,0ee16dab-8856-4515-98f8-0e446e23d1e4,WPI1_2,Successful,0,Real,iOS 16.1.2,828,1792,EST,Apple A12 GPU,0,8,10,6,2838,1.22.31,326,"iPhone11,8",1,8000,2,60.0209122,1.32238615,DEFAULT,1,3,1100,4000,3,"{427, 315}",567,"{249, 41}",383,"{49, 102}",150,N/A,N/A,N/A,N/A,N/A,N/A,N/A,N/A,N/A,N/A,N/A,N/A,N/A,N/A,N/A,N/A,N/A,N/A,N/A,N/A,N/A,N/A,N/A,N/A,2023-11-28T22:14:31.0555590Z,N/A,N/A
210,2023-11-28T22:14:31.0555590Z,0ee16dab-8856-4515-98f8-0e446e23d1e4,WPI1_2,Successful,0,Real,iOS 16.1.2,828,1792,EST,Apple A12 GPU,0,8,10,6,2838,1.22.31,326,"iPhone11,8",1,9000,3,60.027977,1.5420319999999998,DEFAULT,1,4,1883,5000,4,"{456, 183}",933,"{99, 293}",400,"{640, 122}",367,"{230, 224}",183,N/A,N/A,N/A,N/A,N/A,N/A,N/A,N/A,N/A,N/A,N/A,N/A,N/A,N/A,N/A,N/A,N/A,N/A,N/A,N/A,N/A,N/A,2023-11-28T22:14:31.0555590Z,N/A,N/A
211,2023-11-28T22:14:31.0555590Z,0ee16dab-8856-4515-98f8-0e446e23d1e4,WPI1_2,Successful,0,Real,iOS 16.1.2,828,1792,EST,Apple A12 GPU,0,8,10,6,2838,1.22.31,326,"iPhone11,8",1,9000,4,60.03168,1.5790628199999999,DEFAULT,1,4,1833,5000,4,"{249, 41}",617,"{640, 122}",550,"{99, 293}",383,"{49, 102}",283,N/A,N/A,N/A,N/A,N/A,N/A,N/A,N/A,N/A,N/A,N/A,N/A,N/A,N/A,N/A,N/A,N/A,N/A,N/A,N/A,N/A,N/A,2023-11-28T22:14:31.0555590Z,N/A,N/A
212,2023-11-28T22:14:31.0555590Z,0ee16dab-8856-4515-98f8-0e446e23d1e4,WPI1_2,Successful,0,Real,iOS 16.1.2,828,1792,EST,Apple A12 GPU,0,8,10,6,2838,1.22.31,326,"iPhone11,8",1,10000,5,60.0274162,1.38073552,DEFAULT,0,5,3050,6000,4,"{99, 293}",783,"{427, 315}",1467,"{591, 244}",500,"{230, 224}",300,"{249, 41}",N/A,N/A,N/A,N/A,N/A,N/A,N/A,N/A,N/A,N/A,N/A,N/A,N/A,N/A,N/A,N/A,N/A,N/A,N/A,N/A,N/A,2023-11-28T22:14:31.0555590Z,N/A,N/A
213,2023-11-28T22:14:31.0555590Z,0ee16dab-8856-4515-98f8-0e446e23d1e4,WPI1_2,Successful,0,Real,iOS 16.1.2,828,1792,EST,Apple A12 GPU,0,8,10,6,2838,1.22.31,326,"iPhone11,8",1,10000,6,60.03907,2.28879261,DEFAULT,0,5,2500,6000,4,"{640, 122}",700,"{230, 224}",400,"{99, 293}",600,"{456, 183}",800,"{446, 61}",N/A,N/A,N/A,N/A,N/A,N/A,N/A,N/A,N/A,N/A,N/A,N/A,N/A,N/A,N/A,N/A,N/A,N/A,N/A,N/A,N/A,2023-11-28T22:14:31.0555590Z,N/A,N/A
214,2023-11-28T22:14:31.0555590Z,0ee16dab-8856-4515-98f8-0e446e23d1e4,WPI1_2,Successful,0,Real,iOS 16.1.2,828,1792,EST,Apple A12 GPU,0,8,10,6,2838,1.22.31,326,"iPhone11,8",1,10000,7,60.02477,1.4135778,DEFAULT,1,5,2700,6000,5,"{249, 41}",567,"{446, 61}",333,"{640, 122}",484,"{427, 315}",333,"{230, 224}",983,N/A,N/A,N/A,N/A,N/A,N/A,N/A,N/A,N/A,N/A,N/A,N/A,N/A,N/A,N/A,N/A,N/A,N/A,N/A,N/A,2023-11-28T22:14:31.0555590Z,N/A,N/A
215,2023-11-28T22:14:31.0555590Z,0ee16dab-8856-4515-98f8-0e446e23d1e4,WPI1_2,Successful,0,Real,iOS 16.1.2,828,1792,EST,Apple A12 GPU,0,8,10,6,2838,1.22.31,326,"iPhone11,8",1,10000,8,60.0279961,1.52790093,DEFAULT,1,5,1983,6000,5,"{230, 224}",583,"{640, 122}",383,"{456, 183}",417,"{591, 244}",350,"{249, 41}",250,N/A,N/A,N/A,N/A,N/A,N/A,N/A,N/A,N/A,N/A,N/A,N/A,N/A,N/A,N/A,N/A,N/A,N/A,N/A,N/A,2023-11-28T22:14:31.0555590Z,N/A,N/A
216,2023-11-28T22:14:31.0555590Z,0ee16dab-8856-4515-98f8-0e446e23d1e4,WPI1_2,Successful,0,Real,iOS 16.1.2,828,1792,EST,Apple A12 GPU,0,8,10,6,2838,1.22.31,326,"iPhone11,8",1,11000,9,60.0272751,1.44992244,DEFAULT,0,6,3783,7000,6,"{446, 61}",700,"{49, 102}",400,"{456, 183}",567,"{230, 224}",350,"{427, 315}",866,"{249, 41}",900,N/A,N/A,N/A,N/A,N/A,N/A,N/A,N/A,N/A,N/A,N/A,N/A,N/A,N/A,N/A,N/A,N/A,N/A,2023-11-28T22:14:31.0555590Z,N/A,N/A
217,2023-11-28T22:14:31.0555590Z,0ee16dab-8856-4515-98f8-0e446e23d1e4,WPI1_2,Successful,0,Real,iOS 16.1.2,828,1792,EST,Apple A12 GPU,0,8,10,6,2838,1.22.31,326,"iPhone11,8",1,11000,10,60.0316544,1.67134166,DEFAULT,0,6,3750,7000,4,"{249, 41}",1100,"{446, 61}",600,"{640, 122}",1250,"{49, 102}",800,"{99, 293}",N/A,"{427, 315}",N/A,N/A,N/A,N/A,N/A,N/A,N/A,N/A,N/A,N/A,N/A,N/A,N/A,N/A,N/A,N/A,N/A,N/A,N/A,2023-11-28T22:14:31.0555590Z,N/A,N/A
218,2023-11-28T22:14:31.0555590Z,0ee16dab-8856-4515-98f8-0e446e23d1e4,WPI1_2,Successful,0,Real,iOS 16.1.2,828,1792,EST,Apple A12 GPU,0,8,10,6,2838,1.22.31,326,"iPhone11,8",1,11000,11,60.0295219,1.5949043,DEFAULT,0,6,1833,7000,4,"{249, 41}",833,"{99, 293}",500,"{49, 102}",200,"{591, 244}",300,"{230, 224}",N/A,"{640, 122}",N/A,N/A,N/A,N/A,N/A,N/A,N/A,N/A,N/A,N/A,N/A,N/A,N/A,N/A,N/A,N/A,N/A,N/A,N/A,2023-11-28T22:14:31.0555590Z,N/A,N/A
219,2023-11-28T22:14:00.0951150Z,0ee16dab-8856-4515-98f8-0e446e23d1e4,WPI1_2,Successful,0,StartingWindow,iOS 16.1.2,828,1792,EST,Apple A12 GPU,0,8,10,6,2838,1.22.31,326,"iPhone11,8",1,-1,0,60.0375137,1.8611002,DEFAULT,1,3,1017,4000,3,"{99, 293}",384,"{230, 224}",283,"{446, 61}",350,N/A,N/A,N/A,N/A,N/A,N/A,N/A,N/A,N/A,N/A,N/A,N/A,N/A,N/A,N/A,N/A,N/A,N/A,N/A,N/A,N/A,N/A,N/A,N/A,2023-11-28T22:14:00.0951150Z,N/A,N/A
220,2023-11-28T22:14:00.0951150Z,0ee16dab-8856-4515-98f8-0e446e23d1e4,WPI1_2,Successful,0,StartingWindow,iOS 16.1.2,828,1792,EST,Apple A12 GPU,0,8,10,6,2838,1.22.31,326,"iPhone11,8",1,-1,1,60.0277939,1.7199347,DEFAULT,1,3,984,4000,3,"{456, 183}",450,"{230, 224}",367,"{591, 244}",167,N/A,N/A,N/A,N/A,N/A,N/A,N/A,N/A,N/A,N/A,N/A,N/A,N/A,N/A,N/A,N/A,N/A,N/A,N/A,N/A,N/A,N/A,N/A,N/A,2023-11-28T22:14:00.0951150Z,N/A,N/A
221,2023-11-28T22:14:00.0951150Z,0ee16dab-8856-4515-98f8-0e446e23d1e4,WPI1_2,Successful,0,StartingWindow,iOS 16.1.2,828,1792,EST,Apple A12 GPU,0,8,10,6,2838,1.22.31,326,"iPhone11,8",1,-1,2,60.0752029,2.97277522,DEFAULT,1,4,3717,5000,4,"{456, 183}",2267,"{99, 293}",417,"{640, 122}",850,"{230, 224}",183,N/A,N/A,N/A,N/A,N/A,N/A,N/A,N/A,N/A,N/A,N/A,N/A,N/A,N/A,N/A,N/A,N/A,N/A,N/A,N/A,N/A,N/A,2023-11-28T22:14:00.0951150Z,N/A,N/A
222,2023-11-28T20:20:23.6374950Z,0ee16dab-8856-4515-98f8-0e446e23d1e4,WPI1_1,Successful,0,StartingWindow,iPadOS 15.6,2048,2732,EST,Apple M1,0,8,10,8,16384,1.22.31,264,"iPad8,6",1,-1,0,60.0032539,0.021281916600000002,DEFAULT,1,3,1800,4000,3,"{99, 293}",634,"{230, 224}",733,"{446, 61}",433,N/A,N/A,N/A,N/A,N/A,N/A,N/A,N/A,N/A,N/A,N/A,N/A,N/A,N/A,N/A,N/A,N/A,N/A,N/A,N/A,N/A,N/A,N/A,N/A,2023-11-28T20:20:23.6374950Z,N/A,N/A
223,2023-11-28T20:20:23.6374950Z,0ee16dab-8856-4515-98f8-0e446e23d1e4,WPI1_1,Successful,0,StartingWindow,iPadOS 15.6,2048,2732,EST,Apple M1,0,8,10,8,16384,1.22.31,264,"iPad8,6",1,-1,1,60.0042458,0.0224956982,DEFAULT,1,3,2016,4000,3,"{456, 183}",766,"{230, 224}",734,"{591, 244}",516,N/A,N/A,N/A,N/A,N/A,N/A,N/A,N/A,N/A,N/A,N/A,N/A,N/A,N/A,N/A,N/A,N/A,N/A,N/A,N/A,N/A,N/A,N/A,N/A,2023-11-28T20:20:23.6374950Z,N/A,N/A
224,2023-11-28T20:20:23.6374950Z,0ee16dab-8856-4515-98f8-0e446e23d1e4,WPI1_1,Successful,0,StartingWindow,iPadOS 15.6,2048,2732,EST,Apple M1,0,8,10,8,16384,1.22.31,264,"iPad8,6",1,-1,2,60.0043564,0.019361671100000002,DEFAULT,1,4,3200,5000,4,"{456, 183}",1084,"{99, 293}",600,"{640, 122}",650,"{230, 224}",866,N/A,N/A,N/A,N/A,N/A,N/A,N/A,N/A,N/A,N/A,N/A,N/A,N/A,N/A,N/A,N/A,N/A,N/A,N/A,N/A,N/A,N/A,2023-11-28T20:20:23.6374950Z,N/A,N/A
