,Time Gameplayed Utc,participantTaskId,Participant Id,Finish Status,Times Finished Game,Session Type,OS Version,Screen Height,Screen Width,Client Time Zone,Graphics Device Name,Processor Frequency,Runtime Platform,I18n,Processor Count,System Memory Size,Build,Device DPI,Device Model,Device Type,Response Window,Trial Type,Response Time,Trial Number,FPS Mean,FPS Variance,Condition,Correct Button,Displayed Cue,First Button,Flanking Cue,Second Button,Late Response,Time Sent Utc,Detail,Finger Used
0,2024-03-06T18:52:56.2530000Z,0ee16dab-8856-4515-98f8-0e446e23d1e4,WPI1_27,Successful,1,Real,Windows 10,909,1797,Eastern Standard Time,"ANGLE (Intel, Intel(R) Iris(R) Xe Graphics (0x00009A49) Direct3D11 vs_5_0 ps_5_0, D3D11)",0,17,10,1,128,1.22.27,0,Chrome 122,3,558,CONGRUENT,551,0,120.458511,37.662365,CONGRUENT,1,A,YES,A,NO,0,2024-03-06T18:52:56.2530000Z,N/A,N/A
1,2024-03-06T18:52:56.2530000Z,0ee16dab-8856-4515-98f8-0e446e23d1e4,WPI1_27,Successful,1,Real,Windows 10,909,1797,Eastern Standard Time,"ANGLE (Intel, Intel(R) Iris(R) Xe Graphics (0x00009A49) Direct3D11 vs_5_0 ps_5_0, D3D11)",0,17,10,1,128,1.22.27,0,Chrome 122,3,558,INCONGRUENT,383,1,118.968185,47.9361038,INCONGRUENT,1,B,NO,A,YES,0,2024-03-06T18:52:56.2530000Z,N/A,N/A
2,2024-03-06T18:52:56.2530000Z,0ee16dab-8856-4515-98f8-0e446e23d1e4,WPI1_27,Successful,1,Real,Windows 10,909,1797,Eastern Standard Time,"ANGLE (Intel, Intel(R) Iris(R) Xe Graphics (0x00009A49) Direct3D11 vs_5_0 ps_5_0, D3D11)",0,17,10,1,128,1.22.27,0,Chrome 122,3,548,CONGRUENT,383,2,119.949463,37.9196129,CONGRUENT,1,B,NO,B,YES,0,2024-03-06T18:52:56.2530000Z,N/A,N/A
3,2024-03-06T18:52:56.2530000Z,0ee16dab-8856-4515-98f8-0e446e23d1e4,WPI1_27,Successful,1,Real,Windows 10,909,1797,Eastern Standard Time,"ANGLE (Intel, Intel(R) Iris(R) Xe Graphics (0x00009A49) Direct3D11 vs_5_0 ps_5_0, D3D11)",0,17,10,1,128,1.22.27,0,Chrome 122,3,548,INCONGRUENT,317,3,120.766945,48.39876,INCONGRUENT,1,A,YES,B,NO,0,2024-03-06T18:52:56.2530000Z,N/A,N/A
4,2024-03-06T18:52:56.2530000Z,0ee16dab-8856-4515-98f8-0e446e23d1e4,WPI1_27,Successful,1,Real,Windows 10,909,1797,Eastern Standard Time,"ANGLE (Intel, Intel(R) Iris(R) Xe Graphics (0x00009A49) Direct3D11 vs_5_0 ps_5_0, D3D11)",0,17,10,1,128,1.22.27,0,Chrome 122,3,528,CONGRUENT,400,4,119.806686,42.8174057,CONGRUENT,1,A,YES,A,NO,0,2024-03-06T18:52:56.2530000Z,N/A,N/A
5,2024-03-06T18:52:56.2530000Z,0ee16dab-8856-4515-98f8-0e446e23d1e4,WPI1_27,Successful,1,Real,Windows 10,909,1797,Eastern Standard Time,"ANGLE (Intel, Intel(R) Iris(R) Xe Graphics (0x00009A49) Direct3D11 vs_5_0 ps_5_0, D3D11)",0,17,10,1,128,1.22.27,0,Chrome 122,3,498,CONGRUENT,400,5,120.268951,56.6006355,CONGRUENT,1,A,YES,A,NO,0,2024-03-06T18:52:56.2530000Z,N/A,N/A
6,2024-03-06T18:52:56.2530000Z,0ee16dab-8856-4515-98f8-0e446e23d1e4,WPI1_27,Successful,1,Real,Windows 10,909,1797,Eastern Standard Time,"ANGLE (Intel, Intel(R) Iris(R) Xe Graphics (0x00009A49) Direct3D11 vs_5_0 ps_5_0, D3D11)",0,17,10,1,128,1.22.27,0,Chrome 122,3,458,CONGRUENT,350,6,119.607819,28.7185783,CONGRUENT,1,B,NO,B,YES,0,2024-03-06T18:52:56.2530000Z,N/A,N/A
7,2024-03-06T18:52:56.2530000Z,0ee16dab-8856-4515-98f8-0e446e23d1e4,WPI1_27,Successful,1,Real,Windows 10,909,1797,Eastern Standard Time,"ANGLE (Intel, Intel(R) Iris(R) Xe Graphics (0x00009A49) Direct3D11 vs_5_0 ps_5_0, D3D11)",0,17,10,1,128,1.22.27,0,Chrome 122,3,528,INCONGRUENT,416,7,120.301727,51.98643,INCONGRUENT,1,A,YES,B,NO,0,2024-03-06T18:52:56.2530000Z,N/A,N/A
8,2024-03-06T18:52:56.2530000Z,0ee16dab-8856-4515-98f8-0e446e23d1e4,WPI1_27,Successful,1,Real,Windows 10,909,1797,Eastern Standard Time,"ANGLE (Intel, Intel(R) Iris(R) Xe Graphics (0x00009A49) Direct3D11 vs_5_0 ps_5_0, D3D11)",0,17,10,1,128,1.22.27,0,Chrome 122,3,498,INCONGRUENT,417,8,120.085693,61.9994774,INCONGRUENT,1,A,YES,B,NO,0,2024-03-06T18:52:56.2530000Z,N/A,N/A
9,2024-03-06T18:52:56.2530000Z,0ee16dab-8856-4515-98f8-0e446e23d1e4,WPI1_27,Successful,1,Real,Windows 10,909,1797,Eastern Standard Time,"ANGLE (Intel, Intel(R) Iris(R) Xe Graphics (0x00009A49) Direct3D11 vs_5_0 ps_5_0, D3D11)",0,17,10,1,128,1.22.27,0,Chrome 122,3,408,CONGRUENT,417,9,121.139679,67.21666,CONGRUENT,0,B,NO,B,YES,1,2024-03-06T18:52:56.2530000Z,N/A,N/A
10,2024-03-06T18:52:56.2530000Z,0ee16dab-8856-4515-98f8-0e446e23d1e4,WPI1_27,Successful,1,Real,Windows 10,909,1797,Eastern Standard Time,"ANGLE (Intel, Intel(R) Iris(R) Xe Graphics (0x00009A49) Direct3D11 vs_5_0 ps_5_0, D3D11)",0,17,10,1,128,1.22.27,0,Chrome 122,3,458,INCONGRUENT,467,10,120.562996,44.61708,INCONGRUENT,0,B,NO,A,YES,1,2024-03-06T18:52:56.2530000Z,N/A,N/A
11,2024-03-06T18:52:56.2530000Z,0ee16dab-8856-4515-98f8-0e446e23d1e4,WPI1_27,Successful,1,Real,Windows 10,909,1797,Eastern Standard Time,"ANGLE (Intel, Intel(R) Iris(R) Xe Graphics (0x00009A49) Direct3D11 vs_5_0 ps_5_0, D3D11)",0,17,10,1,128,1.22.27,0,Chrome 122,3,448,CONGRUENT,384,11,119.84272,47.6910324,CONGRUENT,1,B,NO,B,YES,0,2024-03-06T18:52:56.2530000Z,N/A,N/A
12,2024-03-06T18:52:56.2530000Z,0ee16dab-8856-4515-98f8-0e446e23d1e4,WPI1_27,Successful,1,Real,Windows 10,909,1797,Eastern Standard Time,"ANGLE (Intel, Intel(R) Iris(R) Xe Graphics (0x00009A49) Direct3D11 vs_5_0 ps_5_0, D3D11)",0,17,10,1,128,1.22.27,0,Chrome 122,3,498,INCONGRUENT,416,12,120.37394,38.5974121,INCONGRUENT,1,A,YES,B,NO,0,2024-03-06T18:52:56.2530000Z,N/A,N/A
13,2024-03-06T18:52:56.2530000Z,0ee16dab-8856-4515-98f8-0e446e23d1e4,WPI1_27,Successful,1,Real,Windows 10,909,1797,Eastern Standard Time,"ANGLE (Intel, Intel(R) Iris(R) Xe Graphics (0x00009A49) Direct3D11 vs_5_0 ps_5_0, D3D11)",0,17,10,1,128,1.22.27,0,Chrome 122,3,438,CONGRUENT,400,13,120.3824,50.63593,CONGRUENT,1,A,YES,A,NO,0,2024-03-06T18:52:56.2530000Z,N/A,N/A
14,2024-03-06T18:52:56.2530000Z,0ee16dab-8856-4515-98f8-0e446e23d1e4,WPI1_27,Successful,1,Real,Windows 10,909,1797,Eastern Standard Time,"ANGLE (Intel, Intel(R) Iris(R) Xe Graphics (0x00009A49) Direct3D11 vs_5_0 ps_5_0, D3D11)",0,17,10,1,128,1.22.27,0,Chrome 122,3,488,INCONGRUENT,467,14,119.852333,68.6254959,INCONGRUENT,1,A,YES,B,NO,0,2024-03-06T18:52:56.2530000Z,N/A,N/A
15,2024-03-06T18:52:56.2530000Z,0ee16dab-8856-4515-98f8-0e446e23d1e4,WPI1_27,Successful,1,Real,Windows 10,909,1797,Eastern Standard Time,"ANGLE (Intel, Intel(R) Iris(R) Xe Graphics (0x00009A49) Direct3D11 vs_5_0 ps_5_0, D3D11)",0,17,10,1,128,1.22.27,0,Chrome 122,3,468,INCONGRUENT,400,15,119.858223,52.9320335,INCONGRUENT,0,B,YES,A,NO,0,2024-03-06T18:52:56.2530000Z,N/A,N/A
16,2024-03-06T18:52:56.2530000Z,0ee16dab-8856-4515-98f8-0e446e23d1e4,WPI1_27,Successful,1,Real,Windows 10,909,1797,Eastern Standard Time,"ANGLE (Intel, Intel(R) Iris(R) Xe Graphics (0x00009A49) Direct3D11 vs_5_0 ps_5_0, D3D11)",0,17,10,1,128,1.22.27,0,Chrome 122,3,508,INCONGRUENT,400,16,120.24379,66.46587,INCONGRUENT,1,A,YES,B,NO,0,2024-03-06T18:52:56.2530000Z,N/A,N/A
17,2024-03-06T18:52:56.2530000Z,0ee16dab-8856-4515-98f8-0e446e23d1e4,WPI1_27,Successful,1,Real,Windows 10,909,1797,Eastern Standard Time,"ANGLE (Intel, Intel(R) Iris(R) Xe Graphics (0x00009A49) Direct3D11 vs_5_0 ps_5_0, D3D11)",0,17,10,1,128,1.22.27,0,Chrome 122,3,418,CONGRUENT,450,17,120.035233,55.239296,CONGRUENT,0,B,NO,B,YES,1,2024-03-06T18:52:56.2530000Z,N/A,N/A
18,2024-03-06T18:52:56.2530000Z,0ee16dab-8856-4515-98f8-0e446e23d1e4,WPI1_27,Successful,1,Real,Windows 10,909,1797,Eastern Standard Time,"ANGLE (Intel, Intel(R) Iris(R) Xe Graphics (0x00009A49) Direct3D11 vs_5_0 ps_5_0, D3D11)",0,17,10,1,128,1.22.27,0,Chrome 122,3,458,CONGRUENT,366,18,119.851555,46.006382,CONGRUENT,1,A,YES,A,NO,0,2024-03-06T18:52:56.2530000Z,N/A,N/A
19,2024-03-06T18:52:56.2530000Z,0ee16dab-8856-4515-98f8-0e446e23d1e4,WPI1_27,Successful,1,Real,Windows 10,909,1797,Eastern Standard Time,"ANGLE (Intel, Intel(R) Iris(R) Xe Graphics (0x00009A49) Direct3D11 vs_5_0 ps_5_0, D3D11)",0,17,10,1,128,1.22.27,0,Chrome 122,3,498,INCONGRUENT,434,19,119.800484,40.614872,INCONGRUENT,1,A,YES,B,NO,0,2024-03-06T18:52:56.2530000Z,N/A,N/A
20,2024-03-06T18:52:56.2530000Z,0ee16dab-8856-4515-98f8-0e446e23d1e4,WPI1_27,Successful,1,Real,Windows 10,909,1797,Eastern Standard Time,"ANGLE (Intel, Intel(R) Iris(R) Xe Graphics (0x00009A49) Direct3D11 vs_5_0 ps_5_0, D3D11)",0,17,10,1,128,1.22.27,0,Chrome 122,3,448,CONGRUENT,433,20,120.550453,70.39027,CONGRUENT,1,B,NO,B,YES,0,2024-03-06T18:52:56.2530000Z,N/A,N/A
21,2024-03-06T18:52:56.2530000Z,0ee16dab-8856-4515-98f8-0e446e23d1e4,WPI1_27,Successful,1,Real,Windows 10,909,1797,Eastern Standard Time,"ANGLE (Intel, Intel(R) Iris(R) Xe Graphics (0x00009A49) Direct3D11 vs_5_0 ps_5_0, D3D11)",0,17,10,1,128,1.22.27,0,Chrome 122,3,428,CONGRUENT,484,21,120.2686,51.53666,CONGRUENT,0,B,NO,B,YES,1,2024-03-06T18:52:56.2530000Z,N/A,N/A
22,2024-03-06T18:52:56.2530000Z,0ee16dab-8856-4515-98f8-0e446e23d1e4,WPI1_27,Successful,1,Real,Windows 10,909,1797,Eastern Standard Time,"ANGLE (Intel, Intel(R) Iris(R) Xe Graphics (0x00009A49) Direct3D11 vs_5_0 ps_5_0, D3D11)",0,17,10,1,128,1.22.27,0,Chrome 122,3,478,INCONGRUENT,433,22,120.498962,54.55369,INCONGRUENT,1,B,NO,A,YES,0,2024-03-06T18:52:56.2530000Z,N/A,N/A
23,2024-03-06T18:52:56.2530000Z,0ee16dab-8856-4515-98f8-0e446e23d1e4,WPI1_27,Successful,1,Real,Windows 10,909,1797,Eastern Standard Time,"ANGLE (Intel, Intel(R) Iris(R) Xe Graphics (0x00009A49) Direct3D11 vs_5_0 ps_5_0, D3D11)",0,17,10,1,128,1.22.27,0,Chrome 122,3,468,CONGRUENT,433,23,118.66433,76.61536,CONGRUENT,1,A,YES,A,NO,0,2024-03-06T18:52:56.2530000Z,N/A,N/A
24,2024-03-06T18:52:56.2530000Z,0ee16dab-8856-4515-98f8-0e446e23d1e4,WPI1_27,Successful,1,Real,Windows 10,909,1797,Eastern Standard Time,"ANGLE (Intel, Intel(R) Iris(R) Xe Graphics (0x00009A49) Direct3D11 vs_5_0 ps_5_0, D3D11)",0,17,10,1,128,1.22.27,0,Chrome 122,3,448,INCONGRUENT,384,24,120.502808,32.4512253,INCONGRUENT,0,B,YES,A,NO,0,2024-03-06T18:52:56.2530000Z,N/A,N/A
25,2024-03-06T18:52:56.2530000Z,0ee16dab-8856-4515-98f8-0e446e23d1e4,WPI1_27,Successful,1,Real,Windows 10,909,1797,Eastern Standard Time,"ANGLE (Intel, Intel(R) Iris(R) Xe Graphics (0x00009A49) Direct3D11 vs_5_0 ps_5_0, D3D11)",0,17,10,1,128,1.22.27,0,Chrome 122,3,458,CONGRUENT,383,25,119.693413,34.94898,CONGRUENT,1,A,YES,A,NO,0,2024-03-06T18:52:56.2530000Z,N/A,N/A
26,2024-03-06T18:52:56.2530000Z,0ee16dab-8856-4515-98f8-0e446e23d1e4,WPI1_27,Successful,1,Real,Windows 10,909,1797,Eastern Standard Time,"ANGLE (Intel, Intel(R) Iris(R) Xe Graphics (0x00009A49) Direct3D11 vs_5_0 ps_5_0, D3D11)",0,17,10,1,128,1.22.27,0,Chrome 122,3,488,INCONGRUENT,367,26,119.946831,39.5400238,INCONGRUENT,1,B,NO,A,YES,0,2024-03-06T18:52:56.2530000Z,N/A,N/A
27,2024-03-06T18:52:56.2530000Z,0ee16dab-8856-4515-98f8-0e446e23d1e4,WPI1_27,Successful,1,Real,Windows 10,909,1797,Eastern Standard Time,"ANGLE (Intel, Intel(R) Iris(R) Xe Graphics (0x00009A49) Direct3D11 vs_5_0 ps_5_0, D3D11)",0,17,10,1,128,1.22.27,0,Chrome 122,3,478,INCONGRUENT,583,27,122.0603,39.9666748,INCONGRUENT,0,B,NO,A,YES,1,2024-03-06T18:52:56.2530000Z,N/A,N/A
28,2024-03-06T18:52:43.8310000Z,0ee16dab-8856-4515-98f8-0e446e23d1e4,WPI1_27,Successful,1,StartingWindow,Windows 10,909,1797,Eastern Standard Time,"ANGLE (Intel, Intel(R) Iris(R) Xe Graphics (0x00009A49) Direct3D11 vs_5_0 ps_5_0, D3D11)",0,17,10,1,128,1.22.27,0,Chrome 122,3,-1,CONGRUENT,533,0,120.784676,41.38661,CONGRUENT,1,A,YES,A,NO,0,2024-03-06T18:52:43.8310000Z,N/A,N/A
29,2024-03-06T18:52:43.8310000Z,0ee16dab-8856-4515-98f8-0e446e23d1e4,WPI1_27,Successful,1,StartingWindow,Windows 10,909,1797,Eastern Standard Time,"ANGLE (Intel, Intel(R) Iris(R) Xe Graphics (0x00009A49) Direct3D11 vs_5_0 ps_5_0, D3D11)",0,17,10,1,128,1.22.27,0,Chrome 122,3,-1,INCONGRUENT,367,1,120.749573,69.3769,INCONGRUENT,1,A,YES,B,NO,0,2024-03-06T18:52:43.8310000Z,N/A,N/A
30,2024-03-06T18:52:43.8310000Z,0ee16dab-8856-4515-98f8-0e446e23d1e4,WPI1_27,Successful,1,StartingWindow,Windows 10,909,1797,Eastern Standard Time,"ANGLE (Intel, Intel(R) Iris(R) Xe Graphics (0x00009A49) Direct3D11 vs_5_0 ps_5_0, D3D11)",0,17,10,1,128,1.22.27,0,Chrome 122,3,-1,INCONGRUENT,383,2,120.201523,48.79565,INCONGRUENT,0,B,YES,A,NO,0,2024-03-06T18:52:43.8310000Z,N/A,N/A
31,2024-03-06T18:52:43.8310000Z,0ee16dab-8856-4515-98f8-0e446e23d1e4,WPI1_27,Successful,1,StartingWindow,Windows 10,909,1797,Eastern Standard Time,"ANGLE (Intel, Intel(R) Iris(R) Xe Graphics (0x00009A49) Direct3D11 vs_5_0 ps_5_0, D3D11)",0,17,10,1,128,1.22.27,0,Chrome 122,3,-1,CONGRUENT,533,3,119.65554,58.1590157,CONGRUENT,1,B,NO,B,YES,0,2024-03-06T18:52:43.8310000Z,N/A,N/A
32,2024-03-06T18:52:43.8310000Z,0ee16dab-8856-4515-98f8-0e446e23d1e4,WPI1_27,Successful,1,StartingWindow,Windows 10,909,1797,Eastern Standard Time,"ANGLE (Intel, Intel(R) Iris(R) Xe Graphics (0x00009A49) Direct3D11 vs_5_0 ps_5_0, D3D11)",0,17,10,1,128,1.22.27,0,Chrome 122,3,-1,INCONGRUENT,467,4,120.754021,49.13854,INCONGRUENT,1,A,YES,B,NO,0,2024-03-06T18:52:43.8310000Z,N/A,N/A
33,2024-03-06T18:52:43.8310000Z,0ee16dab-8856-4515-98f8-0e446e23d1e4,WPI1_27,Successful,1,StartingWindow,Windows 10,909,1797,Eastern Standard Time,"ANGLE (Intel, Intel(R) Iris(R) Xe Graphics (0x00009A49) Direct3D11 vs_5_0 ps_5_0, D3D11)",0,17,10,1,128,1.22.27,0,Chrome 122,3,-1,CONGRUENT,450,5,119.883469,52.5493736,CONGRUENT,1,B,NO,B,YES,0,2024-03-06T18:52:43.8310000Z,N/A,N/A
34,2024-03-06T18:36:11.2910000Z,0ee16dab-8856-4515-98f8-0e446e23d1e4,WPI1_27,Successful,0,Real,Windows 10,909,1797,Eastern Standard Time,"ANGLE (Intel, Intel(R) Iris(R) Xe Graphics (0x00009A49) Direct3D11 vs_5_0 ps_5_0, D3D11)",0,17,10,1,256,1.22.27,0,Chrome 122,3,550,CONGRUENT,684,0,120.367958,40.1010551,CONGRUENT,0,A,YES,A,NO,1,2024-03-06T18:36:11.2910000Z,N/A,N/A
35,2024-03-06T18:36:11.2910000Z,0ee16dab-8856-4515-98f8-0e446e23d1e4,WPI1_27,Successful,0,Real,Windows 10,909,1797,Eastern Standard Time,"ANGLE (Intel, Intel(R) Iris(R) Xe Graphics (0x00009A49) Direct3D11 vs_5_0 ps_5_0, D3D11)",0,17,10,1,256,1.22.27,0,Chrome 122,3,550,INCONGRUENT,400,1,120.639694,51.36072,INCONGRUENT,1,A,YES,B,NO,0,2024-03-06T18:36:11.2910000Z,N/A,N/A
36,2024-03-06T18:36:11.2910000Z,0ee16dab-8856-4515-98f8-0e446e23d1e4,WPI1_27,Successful,0,Real,Windows 10,909,1797,Eastern Standard Time,"ANGLE (Intel, Intel(R) Iris(R) Xe Graphics (0x00009A49) Direct3D11 vs_5_0 ps_5_0, D3D11)",0,17,10,1,256,1.22.27,0,Chrome 122,3,540,INCONGRUENT,383,2,120.387154,60.9086647,INCONGRUENT,1,A,YES,B,NO,0,2024-03-06T18:36:11.2910000Z,N/A,N/A
37,2024-03-06T18:36:11.2910000Z,0ee16dab-8856-4515-98f8-0e446e23d1e4,WPI1_27,Successful,0,Real,Windows 10,909,1797,Eastern Standard Time,"ANGLE (Intel, Intel(R) Iris(R) Xe Graphics (0x00009A49) Direct3D11 vs_5_0 ps_5_0, D3D11)",0,17,10,1,256,1.22.27,0,Chrome 122,3,520,INCONGRUENT,417,3,120.912262,51.9786568,INCONGRUENT,0,B,YES,A,NO,0,2024-03-06T18:36:11.2910000Z,N/A,N/A
38,2024-03-06T18:36:11.2910000Z,0ee16dab-8856-4515-98f8-0e446e23d1e4,WPI1_27,Successful,0,Real,Windows 10,909,1797,Eastern Standard Time,"ANGLE (Intel, Intel(R) Iris(R) Xe Graphics (0x00009A49) Direct3D11 vs_5_0 ps_5_0, D3D11)",0,17,10,1,256,1.22.27,0,Chrome 122,3,590,CONGRUENT,600,4,120.57869,73.35054,CONGRUENT,0,A,YES,A,NO,1,2024-03-06T18:36:11.2910000Z,N/A,N/A
39,2024-03-06T18:36:11.2910000Z,0ee16dab-8856-4515-98f8-0e446e23d1e4,WPI1_27,Successful,0,Real,Windows 10,909,1797,Eastern Standard Time,"ANGLE (Intel, Intel(R) Iris(R) Xe Graphics (0x00009A49) Direct3D11 vs_5_0 ps_5_0, D3D11)",0,17,10,1,256,1.22.27,0,Chrome 122,3,670,CONGRUENT,717,5,121.8962,51.808094,CONGRUENT,0,B,NO,B,YES,1,2024-03-06T18:36:11.2910000Z,N/A,N/A
40,2024-03-06T18:36:11.2910000Z,0ee16dab-8856-4515-98f8-0e446e23d1e4,WPI1_27,Successful,0,Real,Windows 10,909,1797,Eastern Standard Time,"ANGLE (Intel, Intel(R) Iris(R) Xe Graphics (0x00009A49) Direct3D11 vs_5_0 ps_5_0, D3D11)",0,17,10,1,256,1.22.27,0,Chrome 122,3,560,INCONGRUENT,450,6,120.577972,63.4384422,INCONGRUENT,1,A,YES,B,NO,0,2024-03-06T18:36:11.2910000Z,N/A,N/A
41,2024-03-06T18:36:11.2910000Z,0ee16dab-8856-4515-98f8-0e446e23d1e4,WPI1_27,Successful,0,Real,Windows 10,909,1797,Eastern Standard Time,"ANGLE (Intel, Intel(R) Iris(R) Xe Graphics (0x00009A49) Direct3D11 vs_5_0 ps_5_0, D3D11)",0,17,10,1,256,1.22.27,0,Chrome 122,3,550,INCONGRUENT,500,7,120.937592,50.9421768,INCONGRUENT,1,B,NO,A,YES,0,2024-03-06T18:36:11.2910000Z,N/A,N/A
42,2024-03-06T18:36:11.2910000Z,0ee16dab-8856-4515-98f8-0e446e23d1e4,WPI1_27,Successful,0,Real,Windows 10,909,1797,Eastern Standard Time,"ANGLE (Intel, Intel(R) Iris(R) Xe Graphics (0x00009A49) Direct3D11 vs_5_0 ps_5_0, D3D11)",0,17,10,1,256,1.22.27,0,Chrome 122,3,530,INCONGRUENT,417,8,120.983368,55.6875229,INCONGRUENT,0,B,YES,A,NO,0,2024-03-06T18:36:11.2910000Z,N/A,N/A
43,2024-03-06T18:36:11.2910000Z,0ee16dab-8856-4515-98f8-0e446e23d1e4,WPI1_27,Successful,0,Real,Windows 10,909,1797,Eastern Standard Time,"ANGLE (Intel, Intel(R) Iris(R) Xe Graphics (0x00009A49) Direct3D11 vs_5_0 ps_5_0, D3D11)",0,17,10,1,256,1.22.27,0,Chrome 122,3,790,CONGRUENT,416,9,120.781906,68.8192,CONGRUENT,1,B,NO,B,YES,0,2024-03-06T18:36:11.2910000Z,N/A,N/A
44,2024-03-06T18:36:11.2910000Z,0ee16dab-8856-4515-98f8-0e446e23d1e4,WPI1_27,Successful,0,Real,Windows 10,909,1797,Eastern Standard Time,"ANGLE (Intel, Intel(R) Iris(R) Xe Graphics (0x00009A49) Direct3D11 vs_5_0 ps_5_0, D3D11)",0,17,10,1,256,1.22.27,0,Chrome 122,3,570,INCONGRUENT,467,10,120.502144,51.08836,INCONGRUENT,1,A,YES,B,NO,0,2024-03-06T18:36:11.2910000Z,N/A,N/A
45,2024-03-06T18:36:11.2910000Z,0ee16dab-8856-4515-98f8-0e446e23d1e4,WPI1_27,Successful,0,Real,Windows 10,909,1797,Eastern Standard Time,"ANGLE (Intel, Intel(R) Iris(R) Xe Graphics (0x00009A49) Direct3D11 vs_5_0 ps_5_0, D3D11)",0,17,10,1,256,1.22.27,0,Chrome 122,3,560,INCONGRUENT,433,11,120.942566,46.0102577,INCONGRUENT,1,A,YES,B,NO,0,2024-03-06T18:36:11.2910000Z,N/A,N/A
46,2024-03-06T18:36:11.2910000Z,0ee16dab-8856-4515-98f8-0e446e23d1e4,WPI1_27,Successful,0,Real,Windows 10,909,1797,Eastern Standard Time,"ANGLE (Intel, Intel(R) Iris(R) Xe Graphics (0x00009A49) Direct3D11 vs_5_0 ps_5_0, D3D11)",0,17,10,1,256,1.22.27,0,Chrome 122,3,780,CONGRUENT,400,12,119.638306,64.4643,CONGRUENT,1,B,NO,B,YES,0,2024-03-06T18:36:11.2910000Z,N/A,N/A
47,2024-03-06T18:36:11.2910000Z,0ee16dab-8856-4515-98f8-0e446e23d1e4,WPI1_27,Successful,0,Real,Windows 10,909,1797,Eastern Standard Time,"ANGLE (Intel, Intel(R) Iris(R) Xe Graphics (0x00009A49) Direct3D11 vs_5_0 ps_5_0, D3D11)",0,17,10,1,256,1.22.27,0,Chrome 122,3,760,CONGRUENT,433,13,120.728508,47.08413,CONGRUENT,1,B,NO,B,YES,0,2024-03-06T18:36:11.2910000Z,N/A,N/A
48,2024-03-06T18:36:11.2910000Z,0ee16dab-8856-4515-98f8-0e446e23d1e4,WPI1_27,Successful,0,Real,Windows 10,909,1797,Eastern Standard Time,"ANGLE (Intel, Intel(R) Iris(R) Xe Graphics (0x00009A49) Direct3D11 vs_5_0 ps_5_0, D3D11)",0,17,10,1,256,1.22.27,0,Chrome 122,3,730,CONGRUENT,433,14,120.526688,40.7794876,CONGRUENT,1,B,NO,B,YES,0,2024-03-06T18:36:11.2910000Z,N/A,N/A
49,2024-03-06T18:36:11.2910000Z,0ee16dab-8856-4515-98f8-0e446e23d1e4,WPI1_27,Successful,0,Real,Windows 10,909,1797,Eastern Standard Time,"ANGLE (Intel, Intel(R) Iris(R) Xe Graphics (0x00009A49) Direct3D11 vs_5_0 ps_5_0, D3D11)",0,17,10,1,256,1.22.27,0,Chrome 122,3,540,INCONGRUENT,350,15,120.393639,48.6100044,INCONGRUENT,1,A,YES,B,NO,0,2024-03-06T18:36:11.2910000Z,N/A,N/A
50,2024-03-06T18:36:11.2910000Z,0ee16dab-8856-4515-98f8-0e446e23d1e4,WPI1_27,Successful,0,Real,Windows 10,909,1797,Eastern Standard Time,"ANGLE (Intel, Intel(R) Iris(R) Xe Graphics (0x00009A49) Direct3D11 vs_5_0 ps_5_0, D3D11)",0,17,10,1,256,1.22.27,0,Chrome 122,3,690,CONGRUENT,417,16,120.032394,51.80275,CONGRUENT,1,A,YES,A,NO,0,2024-03-06T18:36:11.2910000Z,N/A,N/A
51,2024-03-06T18:36:11.2910000Z,0ee16dab-8856-4515-98f8-0e446e23d1e4,WPI1_27,Successful,0,Real,Windows 10,909,1797,Eastern Standard Time,"ANGLE (Intel, Intel(R) Iris(R) Xe Graphics (0x00009A49) Direct3D11 vs_5_0 ps_5_0, D3D11)",0,17,10,1,256,1.22.27,0,Chrome 122,3,640,CONGRUENT,483,17,120.569946,47.0885048,CONGRUENT,1,B,NO,B,YES,0,2024-03-06T18:36:11.2910000Z,N/A,N/A
52,2024-03-06T18:36:11.2910000Z,0ee16dab-8856-4515-98f8-0e446e23d1e4,WPI1_27,Successful,0,Real,Windows 10,909,1797,Eastern Standard Time,"ANGLE (Intel, Intel(R) Iris(R) Xe Graphics (0x00009A49) Direct3D11 vs_5_0 ps_5_0, D3D11)",0,17,10,1,256,1.22.27,0,Chrome 122,3,580,CONGRUENT,400,18,120.394386,33.0089874,CONGRUENT,1,B,NO,B,YES,0,2024-03-06T18:36:11.2910000Z,N/A,N/A
53,2024-03-06T18:36:11.2910000Z,0ee16dab-8856-4515-98f8-0e446e23d1e4,WPI1_27,Successful,0,Real,Windows 10,909,1797,Eastern Standard Time,"ANGLE (Intel, Intel(R) Iris(R) Xe Graphics (0x00009A49) Direct3D11 vs_5_0 ps_5_0, D3D11)",0,17,10,1,256,1.22.27,0,Chrome 122,3,510,INCONGRUENT,467,19,119.673637,51.8974342,INCONGRUENT,1,A,YES,B,NO,0,2024-03-06T18:36:11.2910000Z,N/A,N/A
54,2024-03-06T18:36:11.2910000Z,0ee16dab-8856-4515-98f8-0e446e23d1e4,WPI1_27,Successful,0,Real,Windows 10,909,1797,Eastern Standard Time,"ANGLE (Intel, Intel(R) Iris(R) Xe Graphics (0x00009A49) Direct3D11 vs_5_0 ps_5_0, D3D11)",0,17,10,1,256,1.22.27,0,Chrome 122,3,510,CONGRUENT,417,20,120.582779,42.60145,CONGRUENT,1,A,YES,A,NO,0,2024-03-06T18:36:11.2910000Z,N/A,N/A
55,2024-03-06T18:36:11.2910000Z,0ee16dab-8856-4515-98f8-0e446e23d1e4,WPI1_27,Successful,0,Real,Windows 10,909,1797,Eastern Standard Time,"ANGLE (Intel, Intel(R) Iris(R) Xe Graphics (0x00009A49) Direct3D11 vs_5_0 ps_5_0, D3D11)",0,17,10,1,256,1.22.27,0,Chrome 122,3,470,INCONGRUENT,366,21,120.684608,50.5149078,INCONGRUENT,1,B,NO,A,YES,0,2024-03-06T18:36:11.2910000Z,N/A,N/A
56,2024-03-06T18:36:11.2910000Z,0ee16dab-8856-4515-98f8-0e446e23d1e4,WPI1_27,Successful,0,Real,Windows 10,909,1797,Eastern Standard Time,"ANGLE (Intel, Intel(R) Iris(R) Xe Graphics (0x00009A49) Direct3D11 vs_5_0 ps_5_0, D3D11)",0,17,10,1,256,1.22.27,0,Chrome 122,3,420,INCONGRUENT,384,22,122.014359,89.33374,INCONGRUENT,1,B,NO,A,YES,0,2024-03-06T18:36:11.2910000Z,N/A,N/A
57,2024-03-06T18:36:11.2910000Z,0ee16dab-8856-4515-98f8-0e446e23d1e4,WPI1_27,Successful,0,Real,Windows 10,909,1797,Eastern Standard Time,"ANGLE (Intel, Intel(R) Iris(R) Xe Graphics (0x00009A49) Direct3D11 vs_5_0 ps_5_0, D3D11)",0,17,10,1,256,1.22.27,0,Chrome 122,3,430,CONGRUENT,366,23,121.025009,45.80172,CONGRUENT,1,A,YES,A,NO,0,2024-03-06T18:36:11.2910000Z,N/A,N/A
58,2024-03-06T18:36:11.2910000Z,0ee16dab-8856-4515-98f8-0e446e23d1e4,WPI1_27,Successful,0,Real,Windows 10,909,1797,Eastern Standard Time,"ANGLE (Intel, Intel(R) Iris(R) Xe Graphics (0x00009A49) Direct3D11 vs_5_0 ps_5_0, D3D11)",0,17,10,1,256,1.22.27,0,Chrome 122,3,340,CONGRUENT,434,24,119.697952,53.1908,CONGRUENT,0,A,YES,A,NO,1,2024-03-06T18:36:11.2910000Z,N/A,N/A
59,2024-03-06T18:36:11.2910000Z,0ee16dab-8856-4515-98f8-0e446e23d1e4,WPI1_27,Successful,0,Real,Windows 10,909,1797,Eastern Standard Time,"ANGLE (Intel, Intel(R) Iris(R) Xe Graphics (0x00009A49) Direct3D11 vs_5_0 ps_5_0, D3D11)",0,17,10,1,256,1.22.27,0,Chrome 122,3,380,CONGRUENT,350,25,119.536873,42.80407,CONGRUENT,1,A,YES,A,NO,0,2024-03-06T18:36:11.2910000Z,N/A,N/A
60,2024-03-06T18:36:11.2910000Z,0ee16dab-8856-4515-98f8-0e446e23d1e4,WPI1_27,Successful,0,Real,Windows 10,909,1797,Eastern Standard Time,"ANGLE (Intel, Intel(R) Iris(R) Xe Graphics (0x00009A49) Direct3D11 vs_5_0 ps_5_0, D3D11)",0,17,10,1,256,1.22.27,0,Chrome 122,3,360,INCONGRUENT,450,26,120.400124,65.0573,INCONGRUENT,0,B,NO,A,YES,1,2024-03-06T18:36:11.2910000Z,N/A,N/A
61,2024-03-06T18:36:11.2910000Z,0ee16dab-8856-4515-98f8-0e446e23d1e4,WPI1_27,Successful,0,Real,Windows 10,909,1797,Eastern Standard Time,"ANGLE (Intel, Intel(R) Iris(R) Xe Graphics (0x00009A49) Direct3D11 vs_5_0 ps_5_0, D3D11)",0,17,10,1,256,1.22.27,0,Chrome 122,3,400,INCONGRUENT,367,27,120.427063,33.7058525,INCONGRUENT,1,B,NO,A,YES,0,2024-03-06T18:36:11.2910000Z,N/A,N/A
62,2024-03-06T18:35:57.8490000Z,0ee16dab-8856-4515-98f8-0e446e23d1e4,WPI1_27,Successful,0,StartingWindow,Windows 10,909,1797,Eastern Standard Time,"ANGLE (Intel, Intel(R) Iris(R) Xe Graphics (0x00009A49) Direct3D11 vs_5_0 ps_5_0, D3D11)",0,17,10,1,256,1.22.27,0,Chrome 122,3,-1,CONGRUENT,1150,0,121.051239,58.55466,CONGRUENT,1,A,YES,A,NO,0,2024-03-06T18:35:57.8490000Z,N/A,N/A
63,2024-03-06T18:35:57.8490000Z,0ee16dab-8856-4515-98f8-0e446e23d1e4,WPI1_27,Successful,0,StartingWindow,Windows 10,909,1797,Eastern Standard Time,"ANGLE (Intel, Intel(R) Iris(R) Xe Graphics (0x00009A49) Direct3D11 vs_5_0 ps_5_0, D3D11)",0,17,10,1,256,1.22.27,0,Chrome 122,3,-1,INCONGRUENT,534,1,120.328995,57.3615456,INCONGRUENT,1,A,YES,B,NO,0,2024-03-06T18:35:57.8490000Z,N/A,N/A
64,2024-03-06T18:35:57.8490000Z,0ee16dab-8856-4515-98f8-0e446e23d1e4,WPI1_27,Successful,0,StartingWindow,Windows 10,909,1797,Eastern Standard Time,"ANGLE (Intel, Intel(R) Iris(R) Xe Graphics (0x00009A49) Direct3D11 vs_5_0 ps_5_0, D3D11)",0,17,10,1,256,1.22.27,0,Chrome 122,3,-1,CONGRUENT,367,2,119.776833,38.61048,CONGRUENT,1,A,YES,A,NO,0,2024-03-06T18:35:57.8490000Z,N/A,N/A
65,2024-03-06T18:35:57.8490000Z,0ee16dab-8856-4515-98f8-0e446e23d1e4,WPI1_27,Successful,0,StartingWindow,Windows 10,909,1797,Eastern Standard Time,"ANGLE (Intel, Intel(R) Iris(R) Xe Graphics (0x00009A49) Direct3D11 vs_5_0 ps_5_0, D3D11)",0,17,10,1,256,1.22.27,0,Chrome 122,3,-1,INCONGRUENT,450,3,122.203133,51.145752,INCONGRUENT,1,B,NO,A,YES,0,2024-03-06T18:35:57.8490000Z,N/A,N/A
66,2024-03-06T18:35:57.8490000Z,0ee16dab-8856-4515-98f8-0e446e23d1e4,WPI1_27,Successful,0,StartingWindow,Windows 10,909,1797,Eastern Standard Time,"ANGLE (Intel, Intel(R) Iris(R) Xe Graphics (0x00009A49) Direct3D11 vs_5_0 ps_5_0, D3D11)",0,17,10,1,256,1.22.27,0,Chrome 122,3,-1,CONGRUENT,450,4,120.634125,56.272007,CONGRUENT,1,B,NO,B,YES,0,2024-03-06T18:35:57.8490000Z,N/A,N/A
67,2024-03-06T18:35:57.8490000Z,0ee16dab-8856-4515-98f8-0e446e23d1e4,WPI1_27,Successful,0,StartingWindow,Windows 10,909,1797,Eastern Standard Time,"ANGLE (Intel, Intel(R) Iris(R) Xe Graphics (0x00009A49) Direct3D11 vs_5_0 ps_5_0, D3D11)",0,17,10,1,256,1.22.27,0,Chrome 122,3,-1,INCONGRUENT,450,5,120.202919,75.3818054,INCONGRUENT,1,A,YES,B,NO,0,2024-03-06T18:35:57.8490000Z,N/A,N/A
68,2024-02-06T00:05:32.8510000Z,0ee16dab-8856-4515-98f8-0e446e23d1e4,WPI1_21,Successful,0,Real,Windows 10,799,1198,Eastern Standard Time,"ANGLE (Intel, Intel(R) UHD Graphics (0x00009A60) Direct3D11 vs_5_0 ps_5_0, D3D11)",0,17,10,1,128,1.22.27,0,Chrome 121,3,833,CONGRUENT,784,0,120.994438,56.00711,CONGRUENT,1,A,YES,A,NO,0,2024-02-06T00:05:32.8510000Z,N/A,N/A
69,2024-02-06T00:05:32.8510000Z,0ee16dab-8856-4515-98f8-0e446e23d1e4,WPI1_21,Successful,0,Real,Windows 10,799,1198,Eastern Standard Time,"ANGLE (Intel, Intel(R) UHD Graphics (0x00009A60) Direct3D11 vs_5_0 ps_5_0, D3D11)",0,17,10,1,128,1.22.27,0,Chrome 121,3,833,INCONGRUENT,450,1,120.327995,51.75017,INCONGRUENT,1,B,NO,A,YES,0,2024-02-06T00:05:32.8510000Z,N/A,N/A
70,2024-02-06T00:05:32.8510000Z,0ee16dab-8856-4515-98f8-0e446e23d1e4,WPI1_21,Successful,0,Real,Windows 10,799,1198,Eastern Standard Time,"ANGLE (Intel, Intel(R) UHD Graphics (0x00009A60) Direct3D11 vs_5_0 ps_5_0, D3D11)",0,17,10,1,128,1.22.27,0,Chrome 121,3,823,INCONGRUENT,433,2,119.483,64.92596,INCONGRUENT,1,A,YES,B,NO,0,2024-02-06T00:05:32.8510000Z,N/A,N/A
71,2024-02-06T00:05:32.8510000Z,0ee16dab-8856-4515-98f8-0e446e23d1e4,WPI1_21,Successful,0,Real,Windows 10,799,1198,Eastern Standard Time,"ANGLE (Intel, Intel(R) UHD Graphics (0x00009A60) Direct3D11 vs_5_0 ps_5_0, D3D11)",0,17,10,1,128,1.22.27,0,Chrome 121,3,803,INCONGRUENT,316,3,119.81588,137.50621,INCONGRUENT,0,A,NO,B,YES,0,2024-02-06T00:05:32.8510000Z,N/A,N/A
72,2024-02-06T00:05:32.8510000Z,0ee16dab-8856-4515-98f8-0e446e23d1e4,WPI1_21,Successful,0,Real,Windows 10,799,1198,Eastern Standard Time,"ANGLE (Intel, Intel(R) UHD Graphics (0x00009A60) Direct3D11 vs_5_0 ps_5_0, D3D11)",0,17,10,1,128,1.22.27,0,Chrome 121,3,823,CONGRUENT,633,4,120.510147,63.272,CONGRUENT,1,B,NO,B,YES,0,2024-02-06T00:05:32.8510000Z,N/A,N/A
73,2024-02-06T00:05:32.8510000Z,0ee16dab-8856-4515-98f8-0e446e23d1e4,WPI1_21,Successful,0,Real,Windows 10,799,1198,Eastern Standard Time,"ANGLE (Intel, Intel(R) UHD Graphics (0x00009A60) Direct3D11 vs_5_0 ps_5_0, D3D11)",0,17,10,1,128,1.22.27,0,Chrome 121,3,843,INCONGRUENT,550,5,120.669556,73.50715,INCONGRUENT,1,B,NO,A,YES,0,2024-02-06T00:05:32.8510000Z,N/A,N/A
74,2024-02-06T00:05:32.8510000Z,0ee16dab-8856-4515-98f8-0e446e23d1e4,WPI1_21,Successful,0,Real,Windows 10,799,1198,Eastern Standard Time,"ANGLE (Intel, Intel(R) UHD Graphics (0x00009A60) Direct3D11 vs_5_0 ps_5_0, D3D11)",0,17,10,1,128,1.22.27,0,Chrome 121,3,833,INCONGRUENT,517,6,109.427208,120.962532,INCONGRUENT,1,A,YES,B,NO,0,2024-02-06T00:05:32.8510000Z,N/A,N/A
75,2024-02-06T00:05:32.8510000Z,0ee16dab-8856-4515-98f8-0e446e23d1e4,WPI1_21,Successful,0,Real,Windows 10,799,1198,Eastern Standard Time,"ANGLE (Intel, Intel(R) UHD Graphics (0x00009A60) Direct3D11 vs_5_0 ps_5_0, D3D11)",0,17,10,1,128,1.22.27,0,Chrome 121,3,813,INCONGRUENT,483,7,118.68924,82.8950348,INCONGRUENT,1,A,YES,B,NO,0,2024-02-06T00:05:32.8510000Z,N/A,N/A
76,2024-02-06T00:05:32.8510000Z,0ee16dab-8856-4515-98f8-0e446e23d1e4,WPI1_21,Successful,0,Real,Windows 10,799,1198,Eastern Standard Time,"ANGLE (Intel, Intel(R) UHD Graphics (0x00009A60) Direct3D11 vs_5_0 ps_5_0, D3D11)",0,17,10,1,128,1.22.27,0,Chrome 121,3,803,CONGRUENT,400,8,111.475685,541.2023,CONGRUENT,1,B,NO,B,YES,0,2024-02-06T00:05:32.8510000Z,N/A,N/A
77,2024-02-06T00:05:32.8510000Z,0ee16dab-8856-4515-98f8-0e446e23d1e4,WPI1_21,Successful,0,Real,Windows 10,799,1198,Eastern Standard Time,"ANGLE (Intel, Intel(R) UHD Graphics (0x00009A60) Direct3D11 vs_5_0 ps_5_0, D3D11)",0,17,10,1,128,1.22.27,0,Chrome 121,3,773,CONGRUENT,367,9,112.207687,178.387283,CONGRUENT,1,A,YES,A,NO,0,2024-02-06T00:05:32.8510000Z,N/A,N/A
78,2024-02-06T00:05:32.8510000Z,0ee16dab-8856-4515-98f8-0e446e23d1e4,WPI1_21,Successful,0,Real,Windows 10,799,1198,Eastern Standard Time,"ANGLE (Intel, Intel(R) UHD Graphics (0x00009A60) Direct3D11 vs_5_0 ps_5_0, D3D11)",0,17,10,1,128,1.22.27,0,Chrome 121,3,783,INCONGRUENT,450,10,123.248955,33.9988976,INCONGRUENT,0,B,YES,A,NO,0,2024-02-06T00:05:32.8510000Z,N/A,N/A
79,2024-02-06T00:05:32.8510000Z,0ee16dab-8856-4515-98f8-0e446e23d1e4,WPI1_21,Successful,0,Real,Windows 10,799,1198,Eastern Standard Time,"ANGLE (Intel, Intel(R) UHD Graphics (0x00009A60) Direct3D11 vs_5_0 ps_5_0, D3D11)",0,17,10,1,128,1.22.27,0,Chrome 121,3,733,CONGRUENT,734,11,122.969536,50.8580742,CONGRUENT,0,B,NO,B,YES,1,2024-02-06T00:05:32.8510000Z,N/A,N/A
80,2024-02-06T00:05:32.8510000Z,0ee16dab-8856-4515-98f8-0e446e23d1e4,WPI1_21,Successful,0,Real,Windows 10,799,1198,Eastern Standard Time,"ANGLE (Intel, Intel(R) UHD Graphics (0x00009A60) Direct3D11 vs_5_0 ps_5_0, D3D11)",0,17,10,1,128,1.22.27,0,Chrome 121,3,823,INCONGRUENT,483,12,122.436386,53.70611,INCONGRUENT,1,A,YES,B,NO,0,2024-02-06T00:05:32.8510000Z,N/A,N/A
81,2024-02-06T00:05:32.8510000Z,0ee16dab-8856-4515-98f8-0e446e23d1e4,WPI1_21,Successful,0,Real,Windows 10,799,1198,Eastern Standard Time,"ANGLE (Intel, Intel(R) UHD Graphics (0x00009A60) Direct3D11 vs_5_0 ps_5_0, D3D11)",0,17,10,1,128,1.22.27,0,Chrome 121,3,773,CONGRUENT,450,13,120.262543,63.85738,CONGRUENT,1,A,YES,A,NO,0,2024-02-06T00:05:32.8510000Z,N/A,N/A
82,2024-02-06T00:05:32.8510000Z,0ee16dab-8856-4515-98f8-0e446e23d1e4,WPI1_21,Successful,0,Real,Windows 10,799,1198,Eastern Standard Time,"ANGLE (Intel, Intel(R) UHD Graphics (0x00009A60) Direct3D11 vs_5_0 ps_5_0, D3D11)",0,17,10,1,128,1.22.27,0,Chrome 121,3,813,INCONGRUENT,533,14,120.65107,70.91386,INCONGRUENT,1,B,NO,A,YES,0,2024-02-06T00:05:32.8510000Z,N/A,N/A
83,2024-02-06T00:05:32.8510000Z,0ee16dab-8856-4515-98f8-0e446e23d1e4,WPI1_21,Successful,0,Real,Windows 10,799,1198,Eastern Standard Time,"ANGLE (Intel, Intel(R) UHD Graphics (0x00009A60) Direct3D11 vs_5_0 ps_5_0, D3D11)",0,17,10,1,128,1.22.27,0,Chrome 121,3,763,CONGRUENT,400,15,120.793076,69.07215,CONGRUENT,1,A,YES,A,NO,0,2024-02-06T00:05:32.8510000Z,N/A,N/A
84,2024-02-06T00:05:32.8510000Z,0ee16dab-8856-4515-98f8-0e446e23d1e4,WPI1_21,Successful,0,Real,Windows 10,799,1198,Eastern Standard Time,"ANGLE (Intel, Intel(R) UHD Graphics (0x00009A60) Direct3D11 vs_5_0 ps_5_0, D3D11)",0,17,10,1,128,1.22.27,0,Chrome 121,3,743,CONGRUENT,384,16,120.8136,54.72672,CONGRUENT,1,B,NO,B,YES,0,2024-02-06T00:05:32.8510000Z,N/A,N/A
85,2024-02-06T00:05:32.8510000Z,0ee16dab-8856-4515-98f8-0e446e23d1e4,WPI1_21,Successful,0,Real,Windows 10,799,1198,Eastern Standard Time,"ANGLE (Intel, Intel(R) UHD Graphics (0x00009A60) Direct3D11 vs_5_0 ps_5_0, D3D11)",0,17,10,1,128,1.22.27,0,Chrome 121,3,713,CONGRUENT,483,17,116.636856,57.728508,CONGRUENT,1,B,NO,B,YES,0,2024-02-06T00:05:32.8510000Z,N/A,N/A
86,2024-02-06T00:05:32.8510000Z,0ee16dab-8856-4515-98f8-0e446e23d1e4,WPI1_21,Successful,0,Real,Windows 10,799,1198,Eastern Standard Time,"ANGLE (Intel, Intel(R) UHD Graphics (0x00009A60) Direct3D11 vs_5_0 ps_5_0, D3D11)",0,17,10,1,128,1.22.27,0,Chrome 121,3,793,INCONGRUENT,383,18,121.163338,61.30836,INCONGRUENT,1,A,YES,B,NO,0,2024-02-06T00:05:32.8510000Z,N/A,N/A
87,2024-02-06T00:05:32.8510000Z,0ee16dab-8856-4515-98f8-0e446e23d1e4,WPI1_21,Successful,0,Real,Windows 10,799,1198,Eastern Standard Time,"ANGLE (Intel, Intel(R) UHD Graphics (0x00009A60) Direct3D11 vs_5_0 ps_5_0, D3D11)",0,17,10,1,128,1.22.27,0,Chrome 121,3,763,INCONGRUENT,567,19,120.192436,114.883743,INCONGRUENT,1,B,NO,A,YES,0,2024-02-06T00:05:32.8510000Z,N/A,N/A
88,2024-02-06T00:05:32.8510000Z,0ee16dab-8856-4515-98f8-0e446e23d1e4,WPI1_21,Successful,0,Real,Windows 10,799,1198,Eastern Standard Time,"ANGLE (Intel, Intel(R) UHD Graphics (0x00009A60) Direct3D11 vs_5_0 ps_5_0, D3D11)",0,17,10,1,128,1.22.27,0,Chrome 121,3,723,INCONGRUENT,350,20,122.358665,55.43141,INCONGRUENT,1,A,YES,B,NO,0,2024-02-06T00:05:32.8510000Z,N/A,N/A
89,2024-02-06T00:05:32.8510000Z,0ee16dab-8856-4515-98f8-0e446e23d1e4,WPI1_21,Successful,0,Real,Windows 10,799,1198,Eastern Standard Time,"ANGLE (Intel, Intel(R) UHD Graphics (0x00009A60) Direct3D11 vs_5_0 ps_5_0, D3D11)",0,17,10,1,128,1.22.27,0,Chrome 121,3,673,CONGRUENT,366,21,119.605225,56.8442764,CONGRUENT,1,B,NO,B,YES,0,2024-02-06T00:05:32.8510000Z,N/A,N/A
90,2024-02-06T00:05:32.8510000Z,0ee16dab-8856-4515-98f8-0e446e23d1e4,WPI1_21,Successful,0,Real,Windows 10,799,1198,Eastern Standard Time,"ANGLE (Intel, Intel(R) UHD Graphics (0x00009A60) Direct3D11 vs_5_0 ps_5_0, D3D11)",0,17,10,1,128,1.22.27,0,Chrome 121,3,673,INCONGRUENT,484,22,120.506752,36.0434952,INCONGRUENT,1,B,NO,A,YES,0,2024-02-06T00:05:32.8510000Z,N/A,N/A
91,2024-02-06T00:05:32.8510000Z,0ee16dab-8856-4515-98f8-0e446e23d1e4,WPI1_21,Successful,0,Real,Windows 10,799,1198,Eastern Standard Time,"ANGLE (Intel, Intel(R) UHD Graphics (0x00009A60) Direct3D11 vs_5_0 ps_5_0, D3D11)",0,17,10,1,128,1.22.27,0,Chrome 121,3,623,CONGRUENT,366,23,121.9023,43.169487,CONGRUENT,1,B,NO,B,YES,0,2024-02-06T00:05:32.8510000Z,N/A,N/A
92,2024-02-06T00:05:32.8510000Z,0ee16dab-8856-4515-98f8-0e446e23d1e4,WPI1_21,Successful,0,Real,Windows 10,799,1198,Eastern Standard Time,"ANGLE (Intel, Intel(R) UHD Graphics (0x00009A60) Direct3D11 vs_5_0 ps_5_0, D3D11)",0,17,10,1,128,1.22.27,0,Chrome 121,3,563,CONGRUENT,384,24,123.506737,45.5105972,CONGRUENT,1,A,YES,A,NO,0,2024-02-06T00:05:32.8510000Z,N/A,N/A
93,2024-02-06T00:05:32.8510000Z,0ee16dab-8856-4515-98f8-0e446e23d1e4,WPI1_21,Successful,0,Real,Windows 10,799,1198,Eastern Standard Time,"ANGLE (Intel, Intel(R) UHD Graphics (0x00009A60) Direct3D11 vs_5_0 ps_5_0, D3D11)",0,17,10,1,128,1.22.27,0,Chrome 121,3,613,INCONGRUENT,367,25,120.30584,88.1167,INCONGRUENT,1,B,NO,A,YES,0,2024-02-06T00:05:32.8510000Z,N/A,N/A
94,2024-02-06T00:05:32.8510000Z,0ee16dab-8856-4515-98f8-0e446e23d1e4,WPI1_21,Successful,0,Real,Windows 10,799,1198,Eastern Standard Time,"ANGLE (Intel, Intel(R) UHD Graphics (0x00009A60) Direct3D11 vs_5_0 ps_5_0, D3D11)",0,17,10,1,128,1.22.27,0,Chrome 121,3,493,CONGRUENT,383,26,122.06144,53.7061119,CONGRUENT,1,A,YES,A,NO,0,2024-02-06T00:05:32.8510000Z,N/A,N/A
95,2024-02-06T00:05:32.8510000Z,0ee16dab-8856-4515-98f8-0e446e23d1e4,WPI1_21,Successful,0,Real,Windows 10,799,1198,Eastern Standard Time,"ANGLE (Intel, Intel(R) UHD Graphics (0x00009A60) Direct3D11 vs_5_0 ps_5_0, D3D11)",0,17,10,1,128,1.22.27,0,Chrome 121,3,413,CONGRUENT,534,27,119.006958,113.726784,CONGRUENT,0,A,YES,A,NO,1,2024-02-06T00:05:32.8510000Z,N/A,N/A
96,2024-02-06T00:05:14.6990000Z,0ee16dab-8856-4515-98f8-0e446e23d1e4,WPI1_21,Successful,0,StartingWindow,Windows 10,799,1198,Eastern Standard Time,"ANGLE (Intel, Intel(R) UHD Graphics (0x00009A60) Direct3D11 vs_5_0 ps_5_0, D3D11)",0,17,10,1,128,1.22.27,0,Chrome 121,3,-1,CONGRUENT,1967,0,121.725822,62.4567375,CONGRUENT,1,A,YES,A,NO,0,2024-02-06T00:05:14.6990000Z,N/A,N/A
97,2024-02-06T00:05:14.6990000Z,0ee16dab-8856-4515-98f8-0e446e23d1e4,WPI1_21,Successful,0,StartingWindow,Windows 10,799,1198,Eastern Standard Time,"ANGLE (Intel, Intel(R) UHD Graphics (0x00009A60) Direct3D11 vs_5_0 ps_5_0, D3D11)",0,17,10,1,128,1.22.27,0,Chrome 121,3,-1,INCONGRUENT,1317,1,120.399704,55.3927574,INCONGRUENT,1,A,YES,B,NO,0,2024-02-06T00:05:14.6990000Z,N/A,N/A
98,2024-02-06T00:05:14.6990000Z,0ee16dab-8856-4515-98f8-0e446e23d1e4,WPI1_21,Successful,0,StartingWindow,Windows 10,799,1198,Eastern Standard Time,"ANGLE (Intel, Intel(R) UHD Graphics (0x00009A60) Direct3D11 vs_5_0 ps_5_0, D3D11)",0,17,10,1,128,1.22.27,0,Chrome 121,3,-1,CONGRUENT,800,2,118.63076,66.4524,CONGRUENT,1,B,NO,B,YES,0,2024-02-06T00:05:14.6990000Z,N/A,N/A
99,2024-02-06T00:05:14.6990000Z,0ee16dab-8856-4515-98f8-0e446e23d1e4,WPI1_21,Successful,0,StartingWindow,Windows 10,799,1198,Eastern Standard Time,"ANGLE (Intel, Intel(R) UHD Graphics (0x00009A60) Direct3D11 vs_5_0 ps_5_0, D3D11)",0,17,10,1,128,1.22.27,0,Chrome 121,3,-1,CONGRUENT,633,3,120.0577,70.70568,CONGRUENT,1,B,NO,B,YES,0,2024-02-06T00:05:14.6990000Z,N/A,N/A
100,2024-02-06T00:05:14.6990000Z,0ee16dab-8856-4515-98f8-0e446e23d1e4,WPI1_21,Successful,0,StartingWindow,Windows 10,799,1198,Eastern Standard Time,"ANGLE (Intel, Intel(R) UHD Graphics (0x00009A60) Direct3D11 vs_5_0 ps_5_0, D3D11)",0,17,10,1,128,1.22.27,0,Chrome 121,3,-1,INCONGRUENT,667,4,122.125725,62.37961,INCONGRUENT,1,B,NO,A,YES,0,2024-02-06T00:05:14.6990000Z,N/A,N/A
101,2024-02-06T00:05:14.6990000Z,0ee16dab-8856-4515-98f8-0e446e23d1e4,WPI1_21,Successful,0,StartingWindow,Windows 10,799,1198,Eastern Standard Time,"ANGLE (Intel, Intel(R) UHD Graphics (0x00009A60) Direct3D11 vs_5_0 ps_5_0, D3D11)",0,17,10,1,128,1.22.27,0,Chrome 121,3,-1,INCONGRUENT,600,5,121.354179,43.5842171,INCONGRUENT,1,A,YES,B,NO,0,2024-02-06T00:05:14.6990000Z,N/A,N/A
102,2023-11-29T23:05:10.3480000Z,0ee16dab-8856-4515-98f8-0e446e23d1e4,WPI1_11,Successful,0,Real,Windows 10,1181,2097,Eastern Standard Time,"ANGLE (Intel, Intel(R) HD Graphics 520 (0x00001916) Direct3D11 vs_5_0 ps_5_0, D3D11)",0,17,10,1,128,1.22.27,0,Chrome 118,3,650,CONGRUENT,700,0,52.57265,55.9269562,CONGRUENT,0,A,YES,A,NO,1,2023-11-29T23:05:10.3480000Z,N/A,N/A
103,2023-11-29T23:05:10.3480000Z,0ee16dab-8856-4515-98f8-0e446e23d1e4,WPI1_11,Successful,0,Real,Windows 10,1181,2097,Eastern Standard Time,"ANGLE (Intel, Intel(R) HD Graphics 520 (0x00001916) Direct3D11 vs_5_0 ps_5_0, D3D11)",0,17,10,1,128,1.22.27,0,Chrome 118,3,690,CONGRUENT,400,1,53.7714157,89.58275,CONGRUENT,1,B,NO,B,YES,0,2023-11-29T23:05:10.3480000Z,N/A,N/A
104,2023-11-29T23:05:10.3480000Z,0ee16dab-8856-4515-98f8-0e446e23d1e4,WPI1_11,Successful,0,Real,Windows 10,1181,2097,Eastern Standard Time,"ANGLE (Intel, Intel(R) HD Graphics 520 (0x00001916) Direct3D11 vs_5_0 ps_5_0, D3D11)",0,17,10,1,128,1.22.27,0,Chrome 118,3,680,CONGRUENT,533,2,52.5729637,45.33177,CONGRUENT,1,A,YES,A,NO,0,2023-11-29T23:05:10.3480000Z,N/A,N/A
105,2023-11-29T23:05:10.3480000Z,0ee16dab-8856-4515-98f8-0e446e23d1e4,WPI1_11,Successful,0,Real,Windows 10,1181,2097,Eastern Standard Time,"ANGLE (Intel, Intel(R) HD Graphics 520 (0x00001916) Direct3D11 vs_5_0 ps_5_0, D3D11)",0,17,10,1,128,1.22.27,0,Chrome 118,3,650,INCONGRUENT,600,3,54.005825,45.5297165,INCONGRUENT,1,A,YES,B,NO,0,2023-11-29T23:05:10.3480000Z,N/A,N/A
106,2023-11-29T23:05:10.3480000Z,0ee16dab-8856-4515-98f8-0e446e23d1e4,WPI1_11,Successful,0,Real,Windows 10,1181,2097,Eastern Standard Time,"ANGLE (Intel, Intel(R) HD Graphics 520 (0x00001916) Direct3D11 vs_5_0 ps_5_0, D3D11)",0,17,10,1,128,1.22.27,0,Chrome 118,3,640,INCONGRUENT,433,4,53.937748,15.1288586,INCONGRUENT,1,A,YES,B,NO,0,2023-11-29T23:05:10.3480000Z,N/A,N/A
107,2023-11-29T23:05:10.3480000Z,0ee16dab-8856-4515-98f8-0e446e23d1e4,WPI1_11,Successful,0,Real,Windows 10,1181,2097,Eastern Standard Time,"ANGLE (Intel, Intel(R) HD Graphics 520 (0x00001916) Direct3D11 vs_5_0 ps_5_0, D3D11)",0,17,10,1,128,1.22.27,0,Chrome 118,3,620,INCONGRUENT,333,5,53.7351723,51.0566521,INCONGRUENT,1,B,NO,A,YES,0,2023-11-29T23:05:10.3480000Z,N/A,N/A
108,2023-11-29T23:05:10.3480000Z,0ee16dab-8856-4515-98f8-0e446e23d1e4,WPI1_11,Successful,0,Real,Windows 10,1181,2097,Eastern Standard Time,"ANGLE (Intel, Intel(R) HD Graphics 520 (0x00001916) Direct3D11 vs_5_0 ps_5_0, D3D11)",0,17,10,1,128,1.22.27,0,Chrome 118,3,660,CONGRUENT,450,6,54.7460136,43.5254021,CONGRUENT,1,A,YES,A,NO,0,2023-11-29T23:05:10.3480000Z,N/A,N/A
109,2023-11-29T23:05:10.3480000Z,0ee16dab-8856-4515-98f8-0e446e23d1e4,WPI1_11,Successful,0,Real,Windows 10,1181,2097,Eastern Standard Time,"ANGLE (Intel, Intel(R) HD Graphics 520 (0x00001916) Direct3D11 vs_5_0 ps_5_0, D3D11)",0,17,10,1,128,1.22.27,0,Chrome 118,3,590,INCONGRUENT,367,7,54.4722252,30.47388,INCONGRUENT,1,B,NO,A,YES,0,2023-11-29T23:05:10.3480000Z,N/A,N/A
110,2023-11-29T23:05:10.3480000Z,0ee16dab-8856-4515-98f8-0e446e23d1e4,WPI1_11,Successful,0,Real,Windows 10,1181,2097,Eastern Standard Time,"ANGLE (Intel, Intel(R) HD Graphics 520 (0x00001916) Direct3D11 vs_5_0 ps_5_0, D3D11)",0,17,10,1,128,1.22.27,0,Chrome 118,3,550,INCONGRUENT,483,8,54.4486847,36.5030937,INCONGRUENT,1,A,YES,B,NO,0,2023-11-29T23:05:10.3480000Z,N/A,N/A
111,2023-11-29T23:05:10.3480000Z,0ee16dab-8856-4515-98f8-0e446e23d1e4,WPI1_11,Successful,0,Real,Windows 10,1181,2097,Eastern Standard Time,"ANGLE (Intel, Intel(R) HD Graphics 520 (0x00001916) Direct3D11 vs_5_0 ps_5_0, D3D11)",0,17,10,1,128,1.22.27,0,Chrome 118,3,500,INCONGRUENT,500,9,55.25437,32.57702,INCONGRUENT,0,B,YES,A,NO,0,2023-11-29T23:05:10.3480000Z,N/A,N/A
112,2023-11-29T23:05:10.3480000Z,0ee16dab-8856-4515-98f8-0e446e23d1e4,WPI1_11,Successful,0,Real,Windows 10,1181,2097,Eastern Standard Time,"ANGLE (Intel, Intel(R) HD Graphics 520 (0x00001916) Direct3D11 vs_5_0 ps_5_0, D3D11)",0,17,10,1,128,1.22.27,0,Chrome 118,3,630,CONGRUENT,483,10,54.9107056,54.739975,CONGRUENT,1,B,NO,B,YES,0,2023-11-29T23:05:10.3480000Z,N/A,N/A
113,2023-11-29T23:05:10.3480000Z,0ee16dab-8856-4515-98f8-0e446e23d1e4,WPI1_11,Successful,0,Real,Windows 10,1181,2097,Eastern Standard Time,"ANGLE (Intel, Intel(R) HD Graphics 520 (0x00001916) Direct3D11 vs_5_0 ps_5_0, D3D11)",0,17,10,1,128,1.22.27,0,Chrome 118,3,540,INCONGRUENT,366,11,55.59501,49.52011,INCONGRUENT,0,B,YES,A,NO,0,2023-11-29T23:05:10.3480000Z,N/A,N/A
114,2023-11-29T23:05:10.3480000Z,0ee16dab-8856-4515-98f8-0e446e23d1e4,WPI1_11,Successful,0,Real,Windows 10,1181,2097,Eastern Standard Time,"ANGLE (Intel, Intel(R) HD Graphics 520 (0x00001916) Direct3D11 vs_5_0 ps_5_0, D3D11)",0,17,10,1,128,1.22.27,0,Chrome 118,3,590,CONGRUENT,600,12,54.2174225,36.8156357,CONGRUENT,0,A,YES,A,NO,1,2023-11-29T23:05:10.3480000Z,N/A,N/A
115,2023-11-29T23:05:10.3480000Z,0ee16dab-8856-4515-98f8-0e446e23d1e4,WPI1_11,Successful,0,Real,Windows 10,1181,2097,Eastern Standard Time,"ANGLE (Intel, Intel(R) HD Graphics 520 (0x00001916) Direct3D11 vs_5_0 ps_5_0, D3D11)",0,17,10,1,128,1.22.27,0,Chrome 118,3,620,INCONGRUENT,417,13,53.71222,23.9843884,INCONGRUENT,1,B,NO,A,YES,0,2023-11-29T23:05:10.3480000Z,N/A,N/A
116,2023-11-29T23:05:10.3480000Z,0ee16dab-8856-4515-98f8-0e446e23d1e4,WPI1_11,Successful,0,Real,Windows 10,1181,2097,Eastern Standard Time,"ANGLE (Intel, Intel(R) HD Graphics 520 (0x00001916) Direct3D11 vs_5_0 ps_5_0, D3D11)",0,17,10,1,128,1.22.27,0,Chrome 118,3,630,CONGRUENT,433,14,55.02102,38.97533,CONGRUENT,1,B,NO,B,YES,0,2023-11-29T23:05:10.3480000Z,N/A,N/A
117,2023-11-29T23:05:10.3480000Z,0ee16dab-8856-4515-98f8-0e446e23d1e4,WPI1_11,Successful,0,Real,Windows 10,1181,2097,Eastern Standard Time,"ANGLE (Intel, Intel(R) HD Graphics 520 (0x00001916) Direct3D11 vs_5_0 ps_5_0, D3D11)",0,17,10,1,128,1.22.27,0,Chrome 118,3,610,INCONGRUENT,450,15,54.6216736,43.8620644,INCONGRUENT,1,A,YES,B,NO,0,2023-11-29T23:05:10.3480000Z,N/A,N/A
118,2023-11-29T23:05:10.3480000Z,0ee16dab-8856-4515-98f8-0e446e23d1e4,WPI1_11,Successful,0,Real,Windows 10,1181,2097,Eastern Standard Time,"ANGLE (Intel, Intel(R) HD Graphics 520 (0x00001916) Direct3D11 vs_5_0 ps_5_0, D3D11)",0,17,10,1,128,1.22.27,0,Chrome 118,3,620,CONGRUENT,567,16,53.2028122,33.8441925,CONGRUENT,1,A,YES,A,NO,0,2023-11-29T23:05:10.3480000Z,N/A,N/A
119,2023-11-29T23:05:10.3480000Z,0ee16dab-8856-4515-98f8-0e446e23d1e4,WPI1_11,Successful,0,Real,Windows 10,1181,2097,Eastern Standard Time,"ANGLE (Intel, Intel(R) HD Graphics 520 (0x00001916) Direct3D11 vs_5_0 ps_5_0, D3D11)",0,17,10,1,128,1.22.27,0,Chrome 118,3,590,INCONGRUENT,450,17,53.75178,48.706295,INCONGRUENT,0,A,NO,B,YES,0,2023-11-29T23:05:10.3480000Z,N/A,N/A
120,2023-11-29T23:05:10.3480000Z,0ee16dab-8856-4515-98f8-0e446e23d1e4,WPI1_11,Successful,0,Real,Windows 10,1181,2097,Eastern Standard Time,"ANGLE (Intel, Intel(R) HD Graphics 520 (0x00001916) Direct3D11 vs_5_0 ps_5_0, D3D11)",0,17,10,1,128,1.22.27,0,Chrome 118,3,600,CONGRUENT,816,18,52.9634438,19.4539261,CONGRUENT,0,B,NO,B,YES,1,2023-11-29T23:05:10.3480000Z,N/A,N/A
121,2023-11-29T23:05:10.3480000Z,0ee16dab-8856-4515-98f8-0e446e23d1e4,WPI1_11,Successful,0,Real,Windows 10,1181,2097,Eastern Standard Time,"ANGLE (Intel, Intel(R) HD Graphics 520 (0x00001916) Direct3D11 vs_5_0 ps_5_0, D3D11)",0,17,10,1,128,1.22.27,0,Chrome 118,3,630,INCONGRUENT,0,19,55.01364,28.9078255,INCONGRUENT,0,A,NO,B,NO,1,2023-11-29T23:05:10.3480000Z,N/A,N/A
122,2023-11-29T23:05:10.3480000Z,0ee16dab-8856-4515-98f8-0e446e23d1e4,WPI1_11,Successful,0,Real,Windows 10,1181,2097,Eastern Standard Time,"ANGLE (Intel, Intel(R) HD Graphics 520 (0x00001916) Direct3D11 vs_5_0 ps_5_0, D3D11)",0,17,10,1,128,1.22.27,0,Chrome 118,3,710,INCONGRUENT,0,20,54.73537,38.71448,INCONGRUENT,0,A,NO,B,NO,1,2023-11-29T23:05:10.3480000Z,N/A,N/A
123,2023-11-29T23:05:10.3480000Z,0ee16dab-8856-4515-98f8-0e446e23d1e4,WPI1_11,Successful,0,Real,Windows 10,1181,2097,Eastern Standard Time,"ANGLE (Intel, Intel(R) HD Graphics 520 (0x00001916) Direct3D11 vs_5_0 ps_5_0, D3D11)",0,17,10,1,128,1.22.27,0,Chrome 118,3,640,CONGRUENT,0,21,54.99676,51.66256,CONGRUENT,0,A,NO,A,NO,1,2023-11-29T23:05:10.3480000Z,N/A,N/A
124,2023-11-29T23:05:10.3480000Z,0ee16dab-8856-4515-98f8-0e446e23d1e4,WPI1_11,Successful,0,Real,Windows 10,1181,2097,Eastern Standard Time,"ANGLE (Intel, Intel(R) HD Graphics 520 (0x00001916) Direct3D11 vs_5_0 ps_5_0, D3D11)",0,17,10,1,128,1.22.27,0,Chrome 118,3,720,CONGRUENT,533,22,53.8278465,35.0147133,CONGRUENT,1,B,NO,B,YES,0,2023-11-29T23:05:10.3480000Z,N/A,N/A
125,2023-11-29T23:05:10.3480000Z,0ee16dab-8856-4515-98f8-0e446e23d1e4,WPI1_11,Successful,0,Real,Windows 10,1181,2097,Eastern Standard Time,"ANGLE (Intel, Intel(R) HD Graphics 520 (0x00001916) Direct3D11 vs_5_0 ps_5_0, D3D11)",0,17,10,1,128,1.22.27,0,Chrome 118,3,710,CONGRUENT,483,23,54.3557053,13.860671,CONGRUENT,1,B,NO,B,YES,0,2023-11-29T23:05:10.3480000Z,N/A,N/A
126,2023-11-29T23:05:10.3480000Z,0ee16dab-8856-4515-98f8-0e446e23d1e4,WPI1_11,Successful,0,Real,Windows 10,1181,2097,Eastern Standard Time,"ANGLE (Intel, Intel(R) HD Graphics 520 (0x00001916) Direct3D11 vs_5_0 ps_5_0, D3D11)",0,17,10,1,128,1.22.27,0,Chrome 118,3,830,INCONGRUENT,533,24,55.6625,38.10348,INCONGRUENT,1,B,NO,A,YES,0,2023-11-29T23:05:10.3480000Z,N/A,N/A
127,2023-11-29T23:05:10.3480000Z,0ee16dab-8856-4515-98f8-0e446e23d1e4,WPI1_11,Successful,0,Real,Windows 10,1181,2097,Eastern Standard Time,"ANGLE (Intel, Intel(R) HD Graphics 520 (0x00001916) Direct3D11 vs_5_0 ps_5_0, D3D11)",0,17,10,1,128,1.22.27,0,Chrome 118,3,690,CONGRUENT,366,25,54.0191727,33.1543922,CONGRUENT,1,A,YES,A,NO,0,2023-11-29T23:05:10.3480000Z,N/A,N/A
128,2023-11-29T23:05:10.3480000Z,0ee16dab-8856-4515-98f8-0e446e23d1e4,WPI1_11,Successful,0,Real,Windows 10,1181,2097,Eastern Standard Time,"ANGLE (Intel, Intel(R) HD Graphics 520 (0x00001916) Direct3D11 vs_5_0 ps_5_0, D3D11)",0,17,10,1,128,1.22.27,0,Chrome 118,3,660,CONGRUENT,484,26,52.9785156,23.6671944,CONGRUENT,1,B,NO,B,YES,0,2023-11-29T23:05:10.3480000Z,N/A,N/A
129,2023-11-29T23:05:10.3480000Z,0ee16dab-8856-4515-98f8-0e446e23d1e4,WPI1_11,Successful,0,Real,Windows 10,1181,2097,Eastern Standard Time,"ANGLE (Intel, Intel(R) HD Graphics 520 (0x00001916) Direct3D11 vs_5_0 ps_5_0, D3D11)",0,17,10,1,128,1.22.27,0,Chrome 118,3,820,INCONGRUENT,500,27,56.5793648,43.6926231,INCONGRUENT,1,B,NO,A,YES,0,2023-11-29T23:05:10.3480000Z,N/A,N/A
130,2023-11-29T23:04:55.7340000Z,0ee16dab-8856-4515-98f8-0e446e23d1e4,WPI1_11,Successful,0,StartingWindow,Windows 10,1181,2097,Eastern Standard Time,"ANGLE (Intel, Intel(R) HD Graphics 520 (0x00001916) Direct3D11 vs_5_0 ps_5_0, D3D11)",0,17,10,1,128,1.22.27,0,Chrome 118,3,-1,CONGRUENT,1783,0,51.534626,87.79566,CONGRUENT,1,A,YES,A,NO,0,2023-11-29T23:04:55.7340000Z,N/A,N/A
131,2023-11-29T23:04:55.7340000Z,0ee16dab-8856-4515-98f8-0e446e23d1e4,WPI1_11,Successful,0,StartingWindow,Windows 10,1181,2097,Eastern Standard Time,"ANGLE (Intel, Intel(R) HD Graphics 520 (0x00001916) Direct3D11 vs_5_0 ps_5_0, D3D11)",0,17,10,1,128,1.22.27,0,Chrome 118,3,-1,CONGRUENT,600,1,54.00216,40.4249458,CONGRUENT,1,A,YES,A,NO,0,2023-11-29T23:04:55.7340000Z,N/A,N/A
132,2023-11-29T23:04:55.7340000Z,0ee16dab-8856-4515-98f8-0e446e23d1e4,WPI1_11,Successful,0,StartingWindow,Windows 10,1181,2097,Eastern Standard Time,"ANGLE (Intel, Intel(R) HD Graphics 520 (0x00001916) Direct3D11 vs_5_0 ps_5_0, D3D11)",0,17,10,1,128,1.22.27,0,Chrome 118,3,-1,CONGRUENT,483,2,54.7721252,30.4648457,CONGRUENT,1,B,NO,B,YES,0,2023-11-29T23:04:55.7340000Z,N/A,N/A
133,2023-11-29T23:04:55.7340000Z,0ee16dab-8856-4515-98f8-0e446e23d1e4,WPI1_11,Successful,0,StartingWindow,Windows 10,1181,2097,Eastern Standard Time,"ANGLE (Intel, Intel(R) HD Graphics 520 (0x00001916) Direct3D11 vs_5_0 ps_5_0, D3D11)",0,17,10,1,128,1.22.27,0,Chrome 118,3,-1,INCONGRUENT,517,3,54.553112,34.915966,INCONGRUENT,1,A,YES,B,NO,0,2023-11-29T23:04:55.7340000Z,N/A,N/A
134,2023-11-29T23:04:55.7340000Z,0ee16dab-8856-4515-98f8-0e446e23d1e4,WPI1_11,Successful,0,StartingWindow,Windows 10,1181,2097,Eastern Standard Time,"ANGLE (Intel, Intel(R) HD Graphics 520 (0x00001916) Direct3D11 vs_5_0 ps_5_0, D3D11)",0,17,10,1,128,1.22.27,0,Chrome 118,3,-1,INCONGRUENT,367,4,57.0185966,110.03373,INCONGRUENT,1,B,NO,A,YES,0,2023-11-29T23:04:55.7340000Z,N/A,N/A
135,2023-11-29T23:04:55.7340000Z,0ee16dab-8856-4515-98f8-0e446e23d1e4,WPI1_11,Successful,0,StartingWindow,Windows 10,1181,2097,Eastern Standard Time,"ANGLE (Intel, Intel(R) HD Graphics 520 (0x00001916) Direct3D11 vs_5_0 ps_5_0, D3D11)",0,17,10,1,128,1.22.27,0,Chrome 118,3,-1,INCONGRUENT,583,5,53.701107,70.3775,INCONGRUENT,1,B,NO,A,YES,0,2023-11-29T23:04:55.7340000Z,N/A,N/A
136,2023-11-29T23:04:31.0900000Z,0ee16dab-8856-4515-98f8-0e446e23d1e4,WPI1_9,Successful,0,Real,Mac OS X 10_15_7,1170,2396,Eastern Standard Time,"ANGLE (Intel Inc., Intel Iris OpenGL Engine, OpenGL 4.1)",0,17,30,1,256,1.22.27,0,Chrome 119,3,625,CONGRUENT,584,0,50.0927162,281.95105,CONGRUENT,1,A,YES,A,NO,0,2023-11-29T23:04:31.0900000Z,N/A,N/A
137,2023-11-29T23:04:31.0900000Z,0ee16dab-8856-4515-98f8-0e446e23d1e4,WPI1_9,Successful,0,Real,Mac OS X 10_15_7,1170,2396,Eastern Standard Time,"ANGLE (Intel Inc., Intel Iris OpenGL Engine, OpenGL 4.1)",0,17,30,1,256,1.22.27,0,Chrome 119,3,615,CONGRUENT,533,1,47.7662926,177.389359,CONGRUENT,1,B,NO,B,YES,0,2023-11-29T23:04:31.0900000Z,N/A,N/A
138,2023-11-29T23:04:31.0900000Z,0ee16dab-8856-4515-98f8-0e446e23d1e4,WPI1_9,Successful,0,Real,Mac OS X 10_15_7,1170,2396,Eastern Standard Time,"ANGLE (Intel Inc., Intel Iris OpenGL Engine, OpenGL 4.1)",0,17,30,1,256,1.22.27,0,Chrome 119,3,595,CONGRUENT,450,2,47.2027,158.154938,CONGRUENT,1,B,NO,B,YES,0,2023-11-29T23:04:31.0900000Z,N/A,N/A
139,2023-11-29T23:04:31.0900000Z,0ee16dab-8856-4515-98f8-0e446e23d1e4,WPI1_9,Successful,0,Real,Mac OS X 10_15_7,1170,2396,Eastern Standard Time,"ANGLE (Intel Inc., Intel Iris OpenGL Engine, OpenGL 4.1)",0,17,30,1,256,1.22.27,0,Chrome 119,3,625,INCONGRUENT,500,3,52.7876,333.510223,INCONGRUENT,1,A,YES,B,NO,0,2023-11-29T23:04:31.0900000Z,N/A,N/A
140,2023-11-29T23:04:31.0900000Z,0ee16dab-8856-4515-98f8-0e446e23d1e4,WPI1_9,Successful,0,Real,Mac OS X 10_15_7,1170,2396,Eastern Standard Time,"ANGLE (Intel Inc., Intel Iris OpenGL Engine, OpenGL 4.1)",0,17,30,1,256,1.22.27,0,Chrome 119,3,565,CONGRUENT,466,4,51.8443069,294.310669,CONGRUENT,1,B,NO,B,YES,0,2023-11-29T23:04:31.0900000Z,N/A,N/A
141,2023-11-29T23:04:31.0900000Z,0ee16dab-8856-4515-98f8-0e446e23d1e4,WPI1_9,Successful,0,Real,Mac OS X 10_15_7,1170,2396,Eastern Standard Time,"ANGLE (Intel Inc., Intel Iris OpenGL Engine, OpenGL 4.1)",0,17,30,1,256,1.22.27,0,Chrome 119,3,525,CONGRUENT,550,5,52.5366936,393.221161,CONGRUENT,0,B,NO,B,YES,1,2023-11-29T23:04:31.0900000Z,N/A,N/A
142,2023-11-29T23:04:31.0900000Z,0ee16dab-8856-4515-98f8-0e446e23d1e4,WPI1_9,Successful,0,Real,Mac OS X 10_15_7,1170,2396,Eastern Standard Time,"ANGLE (Intel Inc., Intel Iris OpenGL Engine, OpenGL 4.1)",0,17,30,1,256,1.22.27,0,Chrome 119,3,565,CONGRUENT,433,6,48.8409462,263.426971,CONGRUENT,1,A,YES,A,NO,0,2023-11-29T23:04:31.0900000Z,N/A,N/A
143,2023-11-29T23:04:31.0900000Z,0ee16dab-8856-4515-98f8-0e446e23d1e4,WPI1_9,Successful,0,Real,Mac OS X 10_15_7,1170,2396,Eastern Standard Time,"ANGLE (Intel Inc., Intel Iris OpenGL Engine, OpenGL 4.1)",0,17,30,1,256,1.22.27,0,Chrome 119,3,615,INCONGRUENT,433,7,45.63858,155.298828,INCONGRUENT,1,B,NO,A,YES,0,2023-11-29T23:04:31.0900000Z,N/A,N/A
144,2023-11-29T23:04:31.0900000Z,0ee16dab-8856-4515-98f8-0e446e23d1e4,WPI1_9,Successful,0,Real,Mac OS X 10_15_7,1170,2396,Eastern Standard Time,"ANGLE (Intel Inc., Intel Iris OpenGL Engine, OpenGL 4.1)",0,17,30,1,256,1.22.27,0,Chrome 119,3,595,INCONGRUENT,434,8,55.60704,380.842834,INCONGRUENT,1,A,YES,B,NO,0,2023-11-29T23:04:31.0900000Z,N/A,N/A
145,2023-11-29T23:04:31.0900000Z,0ee16dab-8856-4515-98f8-0e446e23d1e4,WPI1_9,Successful,0,Real,Mac OS X 10_15_7,1170,2396,Eastern Standard Time,"ANGLE (Intel Inc., Intel Iris OpenGL Engine, OpenGL 4.1)",0,17,30,1,256,1.22.27,0,Chrome 119,3,565,INCONGRUENT,400,9,48.50822,172.773163,INCONGRUENT,0,A,NO,B,YES,0,2023-11-29T23:04:31.0900000Z,N/A,N/A
146,2023-11-29T23:04:31.0900000Z,0ee16dab-8856-4515-98f8-0e446e23d1e4,WPI1_9,Successful,0,Real,Mac OS X 10_15_7,1170,2396,Eastern Standard Time,"ANGLE (Intel Inc., Intel Iris OpenGL Engine, OpenGL 4.1)",0,17,30,1,256,1.22.27,0,Chrome 119,3,555,CONGRUENT,483,10,47.944416,265.708282,CONGRUENT,1,B,NO,B,YES,0,2023-11-29T23:04:31.0900000Z,N/A,N/A
147,2023-11-29T23:04:31.0900000Z,0ee16dab-8856-4515-98f8-0e446e23d1e4,WPI1_9,Successful,0,Real,Mac OS X 10_15_7,1170,2396,Eastern Standard Time,"ANGLE (Intel Inc., Intel Iris OpenGL Engine, OpenGL 4.1)",0,17,30,1,256,1.22.27,0,Chrome 119,3,535,CONGRUENT,466,11,46.26505,315.4964,CONGRUENT,1,B,NO,B,YES,0,2023-11-29T23:04:31.0900000Z,N/A,N/A
148,2023-11-29T23:04:31.0900000Z,0ee16dab-8856-4515-98f8-0e446e23d1e4,WPI1_9,Successful,0,Real,Mac OS X 10_15_7,1170,2396,Eastern Standard Time,"ANGLE (Intel Inc., Intel Iris OpenGL Engine, OpenGL 4.1)",0,17,30,1,256,1.22.27,0,Chrome 119,3,605,INCONGRUENT,517,12,50.54815,332.930969,INCONGRUENT,1,B,NO,A,YES,0,2023-11-29T23:04:31.0900000Z,N/A,N/A
149,2023-11-29T23:04:31.0900000Z,0ee16dab-8856-4515-98f8-0e446e23d1e4,WPI1_9,Successful,0,Real,Mac OS X 10_15_7,1170,2396,Eastern Standard Time,"ANGLE (Intel Inc., Intel Iris OpenGL Engine, OpenGL 4.1)",0,17,30,1,256,1.22.27,0,Chrome 119,3,595,INCONGRUENT,467,13,46.15803,181.969421,INCONGRUENT,1,A,YES,B,NO,0,2023-11-29T23:04:31.0900000Z,N/A,N/A
150,2023-11-29T23:04:31.0900000Z,0ee16dab-8856-4515-98f8-0e446e23d1e4,WPI1_9,Successful,0,Real,Mac OS X 10_15_7,1170,2396,Eastern Standard Time,"ANGLE (Intel Inc., Intel Iris OpenGL Engine, OpenGL 4.1)",0,17,30,1,256,1.22.27,0,Chrome 119,3,575,INCONGRUENT,500,14,52.0090866,396.150177,INCONGRUENT,1,A,YES,B,NO,0,2023-11-29T23:04:31.0900000Z,N/A,N/A
151,2023-11-29T23:04:31.0900000Z,0ee16dab-8856-4515-98f8-0e446e23d1e4,WPI1_9,Successful,0,Real,Mac OS X 10_15_7,1170,2396,Eastern Standard Time,"ANGLE (Intel Inc., Intel Iris OpenGL Engine, OpenGL 4.1)",0,17,30,1,256,1.22.27,0,Chrome 119,3,505,CONGRUENT,500,15,47.8436661,215.830276,CONGRUENT,1,A,YES,A,NO,0,2023-11-29T23:04:31.0900000Z,N/A,N/A
152,2023-11-29T23:04:31.0900000Z,0ee16dab-8856-4515-98f8-0e446e23d1e4,WPI1_9,Successful,0,Real,Mac OS X 10_15_7,1170,2396,Eastern Standard Time,"ANGLE (Intel Inc., Intel Iris OpenGL Engine, OpenGL 4.1)",0,17,30,1,256,1.22.27,0,Chrome 119,3,465,CONGRUENT,450,16,49.23609,303.115051,CONGRUENT,0,B,YES,B,NO,0,2023-11-29T23:04:31.0900000Z,N/A,N/A
153,2023-11-29T23:04:31.0900000Z,0ee16dab-8856-4515-98f8-0e446e23d1e4,WPI1_9,Successful,0,Real,Mac OS X 10_15_7,1170,2396,Eastern Standard Time,"ANGLE (Intel Inc., Intel Iris OpenGL Engine, OpenGL 4.1)",0,17,30,1,256,1.22.27,0,Chrome 119,3,545,INCONGRUENT,567,17,50.74255,258.5776,INCONGRUENT,0,B,NO,A,YES,1,2023-11-29T23:04:31.0900000Z,N/A,N/A
154,2023-11-29T23:04:31.0900000Z,0ee16dab-8856-4515-98f8-0e446e23d1e4,WPI1_9,Successful,0,Real,Mac OS X 10_15_7,1170,2396,Eastern Standard Time,"ANGLE (Intel Inc., Intel Iris OpenGL Engine, OpenGL 4.1)",0,17,30,1,256,1.22.27,0,Chrome 119,3,505,CONGRUENT,483,18,53.70248,478.232117,CONGRUENT,1,A,YES,A,NO,0,2023-11-29T23:04:31.0900000Z,N/A,N/A
155,2023-11-29T23:04:31.0900000Z,0ee16dab-8856-4515-98f8-0e446e23d1e4,WPI1_9,Successful,0,Real,Mac OS X 10_15_7,1170,2396,Eastern Standard Time,"ANGLE (Intel Inc., Intel Iris OpenGL Engine, OpenGL 4.1)",0,17,30,1,256,1.22.27,0,Chrome 119,3,585,INCONGRUENT,550,19,46.8101768,220.272827,INCONGRUENT,1,A,YES,B,NO,0,2023-11-29T23:04:31.0900000Z,N/A,N/A
156,2023-11-29T23:04:31.0900000Z,0ee16dab-8856-4515-98f8-0e446e23d1e4,WPI1_9,Successful,0,Real,Mac OS X 10_15_7,1170,2396,Eastern Standard Time,"ANGLE (Intel Inc., Intel Iris OpenGL Engine, OpenGL 4.1)",0,17,30,1,256,1.22.27,0,Chrome 119,3,495,CONGRUENT,450,20,47.6853142,186.217789,CONGRUENT,1,A,YES,A,NO,0,2023-11-29T23:04:31.0900000Z,N/A,N/A
157,2023-11-29T23:04:31.0900000Z,0ee16dab-8856-4515-98f8-0e446e23d1e4,WPI1_9,Successful,0,Real,Mac OS X 10_15_7,1170,2396,Eastern Standard Time,"ANGLE (Intel Inc., Intel Iris OpenGL Engine, OpenGL 4.1)",0,17,30,1,256,1.22.27,0,Chrome 119,3,575,INCONGRUENT,500,21,51.0847435,217.106674,INCONGRUENT,1,B,NO,A,YES,0,2023-11-29T23:04:31.0900000Z,N/A,N/A
158,2023-11-29T23:04:31.0900000Z,0ee16dab-8856-4515-98f8-0e446e23d1e4,WPI1_9,Successful,0,Real,Mac OS X 10_15_7,1170,2396,Eastern Standard Time,"ANGLE (Intel Inc., Intel Iris OpenGL Engine, OpenGL 4.1)",0,17,30,1,256,1.22.27,0,Chrome 119,3,475,CONGRUENT,484,22,50.2603226,367.944275,CONGRUENT,0,A,YES,A,NO,1,2023-11-29T23:04:31.0900000Z,N/A,N/A
159,2023-11-29T23:04:31.0900000Z,0ee16dab-8856-4515-98f8-0e446e23d1e4,WPI1_9,Successful,0,Real,Mac OS X 10_15_7,1170,2396,Eastern Standard Time,"ANGLE (Intel Inc., Intel Iris OpenGL Engine, OpenGL 4.1)",0,17,30,1,256,1.22.27,0,Chrome 119,3,555,INCONGRUENT,550,23,44.910717,161.587051,INCONGRUENT,1,A,YES,B,NO,0,2023-11-29T23:04:31.0900000Z,N/A,N/A
160,2023-11-29T23:04:31.0900000Z,0ee16dab-8856-4515-98f8-0e446e23d1e4,WPI1_9,Successful,0,Real,Mac OS X 10_15_7,1170,2396,Eastern Standard Time,"ANGLE (Intel Inc., Intel Iris OpenGL Engine, OpenGL 4.1)",0,17,30,1,256,1.22.27,0,Chrome 119,3,525,INCONGRUENT,517,24,49.5318527,324.101471,INCONGRUENT,1,B,NO,A,YES,0,2023-11-29T23:04:31.0900000Z,N/A,N/A
161,2023-11-29T23:04:31.0900000Z,0ee16dab-8856-4515-98f8-0e446e23d1e4,WPI1_9,Successful,0,Real,Mac OS X 10_15_7,1170,2396,Eastern Standard Time,"ANGLE (Intel Inc., Intel Iris OpenGL Engine, OpenGL 4.1)",0,17,30,1,256,1.22.27,0,Chrome 119,3,515,CONGRUENT,533,25,50.0400963,390.181976,CONGRUENT,0,A,YES,A,NO,1,2023-11-29T23:04:31.0900000Z,N/A,N/A
162,2023-11-29T23:04:31.0900000Z,0ee16dab-8856-4515-98f8-0e446e23d1e4,WPI1_9,Successful,0,Real,Mac OS X 10_15_7,1170,2396,Eastern Standard Time,"ANGLE (Intel Inc., Intel Iris OpenGL Engine, OpenGL 4.1)",0,17,30,1,256,1.22.27,0,Chrome 119,3,485,INCONGRUENT,450,26,47.75253,294.2709,INCONGRUENT,1,B,NO,A,YES,0,2023-11-29T23:04:31.0900000Z,N/A,N/A
163,2023-11-29T23:04:31.0900000Z,0ee16dab-8856-4515-98f8-0e446e23d1e4,WPI1_9,Successful,0,Real,Mac OS X 10_15_7,1170,2396,Eastern Standard Time,"ANGLE (Intel Inc., Intel Iris OpenGL Engine, OpenGL 4.1)",0,17,30,1,256,1.22.27,0,Chrome 119,3,435,INCONGRUENT,483,27,51.9920349,494.076538,INCONGRUENT,0,B,NO,A,YES,1,2023-11-29T23:04:31.0900000Z,N/A,N/A
164,2023-11-29T23:04:10.5340000Z,0ee16dab-8856-4515-98f8-0e446e23d1e4,WPI1_9,Successful,0,StartingWindow,Mac OS X 10_15_7,1170,2396,Eastern Standard Time,"ANGLE (Intel Inc., Intel Iris OpenGL Engine, OpenGL 4.1)",0,17,30,1,256,1.22.27,0,Chrome 119,3,-1,CONGRUENT,967,0,46.860565199999996,170.7109,CONGRUENT,1,A,YES,A,NO,0,2023-11-29T23:04:10.5340000Z,N/A,N/A
165,2023-11-29T23:04:10.5340000Z,0ee16dab-8856-4515-98f8-0e446e23d1e4,WPI1_9,Successful,0,StartingWindow,Mac OS X 10_15_7,1170,2396,Eastern Standard Time,"ANGLE (Intel Inc., Intel Iris OpenGL Engine, OpenGL 4.1)",0,17,30,1,256,1.22.27,0,Chrome 119,3,-1,CONGRUENT,550,1,51.7920647,255.155045,CONGRUENT,1,B,NO,B,YES,0,2023-11-29T23:04:10.5340000Z,N/A,N/A
166,2023-11-29T23:04:10.5340000Z,0ee16dab-8856-4515-98f8-0e446e23d1e4,WPI1_9,Successful,0,StartingWindow,Mac OS X 10_15_7,1170,2396,Eastern Standard Time,"ANGLE (Intel Inc., Intel Iris OpenGL Engine, OpenGL 4.1)",0,17,30,1,256,1.22.27,0,Chrome 119,3,-1,INCONGRUENT,550,2,47.5935249,267.061249,INCONGRUENT,1,B,NO,A,YES,0,2023-11-29T23:04:10.5340000Z,N/A,N/A
167,2023-11-29T23:04:10.5340000Z,0ee16dab-8856-4515-98f8-0e446e23d1e4,WPI1_9,Successful,0,StartingWindow,Mac OS X 10_15_7,1170,2396,Eastern Standard Time,"ANGLE (Intel Inc., Intel Iris OpenGL Engine, OpenGL 4.1)",0,17,30,1,256,1.22.27,0,Chrome 119,3,-1,CONGRUENT,483,3,47.14215,251.228775,CONGRUENT,1,B,NO,B,YES,0,2023-11-29T23:04:10.5340000Z,N/A,N/A
168,2023-11-29T23:04:10.5340000Z,0ee16dab-8856-4515-98f8-0e446e23d1e4,WPI1_9,Successful,0,StartingWindow,Mac OS X 10_15_7,1170,2396,Eastern Standard Time,"ANGLE (Intel Inc., Intel Iris OpenGL Engine, OpenGL 4.1)",0,17,30,1,256,1.22.27,0,Chrome 119,3,-1,INCONGRUENT,500,4,47.09093,222.45694,INCONGRUENT,1,A,YES,B,NO,0,2023-11-29T23:04:10.5340000Z,N/A,N/A
169,2023-11-29T23:04:10.5340000Z,0ee16dab-8856-4515-98f8-0e446e23d1e4,WPI1_9,Successful,0,StartingWindow,Mac OS X 10_15_7,1170,2396,Eastern Standard Time,"ANGLE (Intel Inc., Intel Iris OpenGL Engine, OpenGL 4.1)",0,17,30,1,256,1.22.27,0,Chrome 119,3,-1,INCONGRUENT,500,5,44.4277573,199.102509,INCONGRUENT,0,A,NO,B,YES,0,2023-11-29T23:04:10.5340000Z,N/A,N/A
170,2023-11-29T23:02:37.0480000Z,0ee16dab-8856-4515-98f8-0e446e23d1e4,WPI1_8,Successful,0,Real,Mac OS X 10_15_7,1598,2396,Eastern Standard Time,Apple GPU,0,17,10,1,128,1.22.27,0,Safari 16.5,3,875,CONGRUENT,750,0,61.77681,1807.7572,CONGRUENT,1,A,YES,A,NO,0,2023-11-29T23:02:37.0480000Z,N/A,N/A
171,2023-11-29T23:02:37.0480000Z,0ee16dab-8856-4515-98f8-0e446e23d1e4,WPI1_8,Successful,0,Real,Mac OS X 10_15_7,1598,2396,Eastern Standard Time,Apple GPU,0,17,10,1,128,1.22.27,0,Safari 16.5,3,875,INCONGRUENT,800,1,58.86439,1708.67517,INCONGRUENT,1,A,YES,B,NO,0,2023-11-29T23:02:37.0480000Z,N/A,N/A
172,2023-11-29T23:02:37.0480000Z,0ee16dab-8856-4515-98f8-0e446e23d1e4,WPI1_8,Successful,0,Real,Mac OS X 10_15_7,1598,2396,Eastern Standard Time,Apple GPU,0,17,10,1,128,1.22.27,0,Safari 16.5,3,865,INCONGRUENT,717,2,61.7731972,1720.0697,INCONGRUENT,1,A,YES,B,NO,0,2023-11-29T23:02:37.0480000Z,N/A,N/A
173,2023-11-29T23:02:37.0480000Z,0ee16dab-8856-4515-98f8-0e446e23d1e4,WPI1_8,Successful,0,Real,Mac OS X 10_15_7,1598,2396,Eastern Standard Time,Apple GPU,0,17,10,1,128,1.22.27,0,Safari 16.5,3,865,CONGRUENT,666,3,64.5886459,2137.22876,CONGRUENT,1,B,NO,B,YES,0,2023-11-29T23:02:37.0480000Z,N/A,N/A
174,2023-11-29T23:02:37.0480000Z,0ee16dab-8856-4515-98f8-0e446e23d1e4,WPI1_8,Successful,0,Real,Mac OS X 10_15_7,1598,2396,Eastern Standard Time,Apple GPU,0,17,10,1,128,1.22.27,0,Safari 16.5,3,845,CONGRUENT,683,4,55.55692,1860.69409,CONGRUENT,1,B,NO,B,YES,0,2023-11-29T23:02:37.0480000Z,N/A,N/A
175,2023-11-29T23:02:37.0480000Z,0ee16dab-8856-4515-98f8-0e446e23d1e4,WPI1_8,Successful,0,Real,Mac OS X 10_15_7,1598,2396,Eastern Standard Time,Apple GPU,0,17,10,1,128,1.22.27,0,Safari 16.5,3,845,INCONGRUENT,817,5,58.6992226,1560.508,INCONGRUENT,1,B,NO,A,YES,0,2023-11-29T23:02:37.0480000Z,N/A,N/A
176,2023-11-29T23:02:37.0480000Z,0ee16dab-8856-4515-98f8-0e446e23d1e4,WPI1_8,Successful,0,Real,Mac OS X 10_15_7,1598,2396,Eastern Standard Time,Apple GPU,0,17,10,1,128,1.22.27,0,Safari 16.5,3,815,INCONGRUENT,717,6,49.4028168,1453.22229,INCONGRUENT,1,A,YES,B,NO,0,2023-11-29T23:02:37.0480000Z,N/A,N/A
177,2023-11-29T23:02:37.0480000Z,0ee16dab-8856-4515-98f8-0e446e23d1e4,WPI1_8,Successful,0,Real,Mac OS X 10_15_7,1598,2396,Eastern Standard Time,Apple GPU,0,17,10,1,128,1.22.27,0,Safari 16.5,3,815,CONGRUENT,650,7,63.414978,1753.4751,CONGRUENT,1,B,NO,B,YES,0,2023-11-29T23:02:37.0480000Z,N/A,N/A
178,2023-11-29T23:02:37.0480000Z,0ee16dab-8856-4515-98f8-0e446e23d1e4,WPI1_8,Successful,0,Real,Mac OS X 10_15_7,1598,2396,Eastern Standard Time,Apple GPU,0,17,10,1,128,1.22.27,0,Safari 16.5,3,775,INCONGRUENT,700,8,58.289875,1645.16492,INCONGRUENT,1,A,YES,B,NO,0,2023-11-29T23:02:37.0480000Z,N/A,N/A
179,2023-11-29T23:02:37.0480000Z,0ee16dab-8856-4515-98f8-0e446e23d1e4,WPI1_8,Successful,0,Real,Mac OS X 10_15_7,1598,2396,Eastern Standard Time,Apple GPU,0,17,10,1,128,1.22.27,0,Safari 16.5,3,775,CONGRUENT,650,9,63.44371,2037.028,CONGRUENT,1,A,YES,A,NO,0,2023-11-29T23:02:37.0480000Z,N/A,N/A
180,2023-11-29T23:02:37.0480000Z,0ee16dab-8856-4515-98f8-0e446e23d1e4,WPI1_8,Successful,0,Real,Mac OS X 10_15_7,1598,2396,Eastern Standard Time,Apple GPU,0,17,10,1,128,1.22.27,0,Safari 16.5,3,725,INCONGRUENT,983,10,67.6395645,1925.24414,INCONGRUENT,0,A,YES,B,NO,1,2023-11-29T23:02:37.0480000Z,N/A,N/A
181,2023-11-29T23:02:37.0480000Z,0ee16dab-8856-4515-98f8-0e446e23d1e4,WPI1_8,Successful,0,Real,Mac OS X 10_15_7,1598,2396,Eastern Standard Time,Apple GPU,0,17,10,1,128,1.22.27,0,Safari 16.5,3,765,INCONGRUENT,667,11,58.7315865,1729.766,INCONGRUENT,1,B,NO,A,YES,0,2023-11-29T23:02:37.0480000Z,N/A,N/A
182,2023-11-29T23:02:37.0480000Z,0ee16dab-8856-4515-98f8-0e446e23d1e4,WPI1_8,Successful,0,Real,Mac OS X 10_15_7,1598,2396,Eastern Standard Time,Apple GPU,0,17,10,1,128,1.22.27,0,Safari 16.5,3,725,CONGRUENT,666,12,30.1050911,3.71141744,CONGRUENT,1,B,NO,B,YES,0,2023-11-29T23:02:37.0480000Z,N/A,N/A
183,2023-11-29T23:02:37.0480000Z,0ee16dab-8856-4515-98f8-0e446e23d1e4,WPI1_8,Successful,0,Real,Mac OS X 10_15_7,1598,2396,Eastern Standard Time,Apple GPU,0,17,10,1,128,1.22.27,0,Safari 16.5,3,665,CONGRUENT,817,13,51.81769,1379.326,CONGRUENT,0,B,NO,B,YES,1,2023-11-29T23:02:37.0480000Z,N/A,N/A
184,2023-11-29T23:02:37.0480000Z,0ee16dab-8856-4515-98f8-0e446e23d1e4,WPI1_8,Successful,0,Real,Mac OS X 10_15_7,1598,2396,Eastern Standard Time,Apple GPU,0,17,10,1,128,1.22.27,0,Safari 16.5,3,755,INCONGRUENT,567,14,63.6052551,2276.63672,INCONGRUENT,1,A,YES,B,NO,0,2023-11-29T23:02:37.0480000Z,N/A,N/A
185,2023-11-29T23:02:37.0480000Z,0ee16dab-8856-4515-98f8-0e446e23d1e4,WPI1_8,Successful,0,Real,Mac OS X 10_15_7,1598,2396,Eastern Standard Time,Apple GPU,0,17,10,1,128,1.22.27,0,Safari 16.5,3,705,CONGRUENT,583,15,56.12759,1210.60938,CONGRUENT,1,A,YES,A,NO,0,2023-11-29T23:02:37.0480000Z,N/A,N/A
186,2023-11-29T23:02:37.0480000Z,0ee16dab-8856-4515-98f8-0e446e23d1e4,WPI1_8,Successful,0,Real,Mac OS X 10_15_7,1598,2396,Eastern Standard Time,Apple GPU,0,17,10,1,128,1.22.27,0,Safari 16.5,3,695,CONGRUENT,633,16,55.13172,1399.1416,CONGRUENT,1,A,YES,A,NO,0,2023-11-29T23:02:37.0480000Z,N/A,N/A
187,2023-11-29T23:02:37.0480000Z,0ee16dab-8856-4515-98f8-0e446e23d1e4,WPI1_8,Successful,0,Real,Mac OS X 10_15_7,1598,2396,Eastern Standard Time,Apple GPU,0,17,10,1,128,1.22.27,0,Safari 16.5,3,735,INCONGRUENT,633,17,60.47408,1416.69263,INCONGRUENT,1,B,NO,A,YES,0,2023-11-29T23:02:37.0480000Z,N/A,N/A
188,2023-11-29T23:02:37.0480000Z,0ee16dab-8856-4515-98f8-0e446e23d1e4,WPI1_8,Successful,0,Real,Mac OS X 10_15_7,1598,2396,Eastern Standard Time,Apple GPU,0,17,10,1,128,1.22.27,0,Safari 16.5,3,675,CONGRUENT,533,18,52.39765,1555.99292,CONGRUENT,1,A,YES,A,NO,0,2023-11-29T23:02:37.0480000Z,N/A,N/A
189,2023-11-29T23:02:37.0480000Z,0ee16dab-8856-4515-98f8-0e446e23d1e4,WPI1_8,Successful,0,Real,Mac OS X 10_15_7,1598,2396,Eastern Standard Time,Apple GPU,0,17,10,1,128,1.22.27,0,Safari 16.5,3,645,CONGRUENT,650,19,54.4104156,2070.75879,CONGRUENT,0,B,NO,B,YES,1,2023-11-29T23:02:37.0480000Z,N/A,N/A
190,2023-11-29T23:02:37.0480000Z,0ee16dab-8856-4515-98f8-0e446e23d1e4,WPI1_8,Successful,0,Real,Mac OS X 10_15_7,1598,2396,Eastern Standard Time,Apple GPU,0,17,10,1,128,1.22.27,0,Safari 16.5,3,685,CONGRUENT,834,20,53.6023445,1654.05933,CONGRUENT,0,B,NO,B,YES,1,2023-11-29T23:02:37.0480000Z,N/A,N/A
191,2023-11-29T23:02:37.0480000Z,0ee16dab-8856-4515-98f8-0e446e23d1e4,WPI1_8,Successful,0,Real,Mac OS X 10_15_7,1598,2396,Eastern Standard Time,Apple GPU,0,17,10,1,128,1.22.27,0,Safari 16.5,3,705,INCONGRUENT,667,21,55.20604,1929.725,INCONGRUENT,1,A,YES,B,NO,0,2023-11-29T23:02:37.0480000Z,N/A,N/A
192,2023-11-29T23:02:37.0480000Z,0ee16dab-8856-4515-98f8-0e446e23d1e4,WPI1_8,Successful,0,Real,Mac OS X 10_15_7,1598,2396,Eastern Standard Time,Apple GPU,0,17,10,1,128,1.22.27,0,Safari 16.5,3,665,INCONGRUENT,700,22,59.32393,1784.31763,INCONGRUENT,0,B,NO,A,YES,1,2023-11-29T23:02:37.0480000Z,N/A,N/A
193,2023-11-29T23:02:37.0480000Z,0ee16dab-8856-4515-98f8-0e446e23d1e4,WPI1_8,Successful,0,Real,Mac OS X 10_15_7,1598,2396,Eastern Standard Time,Apple GPU,0,17,10,1,128,1.22.27,0,Safari 16.5,3,765,CONGRUENT,650,23,64.74803,1838.07642,CONGRUENT,1,A,YES,A,NO,0,2023-11-29T23:02:37.0480000Z,N/A,N/A
194,2023-11-29T23:02:37.0480000Z,0ee16dab-8856-4515-98f8-0e446e23d1e4,WPI1_8,Successful,0,Real,Mac OS X 10_15_7,1598,2396,Eastern Standard Time,Apple GPU,0,17,10,1,128,1.22.27,0,Safari 16.5,3,705,INCONGRUENT,650,24,59.186393699999996,2000.92126,INCONGRUENT,0,B,YES,A,NO,0,2023-11-29T23:02:37.0480000Z,N/A,N/A
195,2023-11-29T23:02:37.0480000Z,0ee16dab-8856-4515-98f8-0e446e23d1e4,WPI1_8,Successful,0,Real,Mac OS X 10_15_7,1598,2396,Eastern Standard Time,Apple GPU,0,17,10,1,128,1.22.27,0,Safari 16.5,3,785,INCONGRUENT,817,25,67.62662,2036.07593,INCONGRUENT,0,B,NO,A,YES,1,2023-11-29T23:02:37.0480000Z,N/A,N/A
196,2023-11-29T23:02:37.0480000Z,0ee16dab-8856-4515-98f8-0e446e23d1e4,WPI1_8,Successful,0,Real,Mac OS X 10_15_7,1598,2396,Eastern Standard Time,Apple GPU,0,17,10,1,128,1.22.27,0,Safari 16.5,3,755,CONGRUENT,983,26,59.3380432,1542.86011,CONGRUENT,0,A,YES,A,NO,1,2023-11-29T23:02:37.0480000Z,N/A,N/A
197,2023-11-29T23:02:37.0480000Z,0ee16dab-8856-4515-98f8-0e446e23d1e4,WPI1_8,Successful,0,Real,Mac OS X 10_15_7,1598,2396,Eastern Standard Time,Apple GPU,0,17,10,1,128,1.22.27,0,Safari 16.5,3,905,INCONGRUENT,783,27,59.5854874,1564.69775,INCONGRUENT,1,B,NO,A,YES,0,2023-11-29T23:02:37.0480000Z,N/A,N/A
198,2023-11-29T23:02:15.7090000Z,0ee16dab-8856-4515-98f8-0e446e23d1e4,WPI1_8,Successful,0,StartingWindow,Mac OS X 10_15_7,1598,2396,Eastern Standard Time,Apple GPU,0,17,10,1,128,1.22.27,0,Safari 16.5,3,-1,CONGRUENT,900,0,47.695858,1083.23376,CONGRUENT,1,A,YES,A,NO,0,2023-11-29T23:02:15.7090000Z,N/A,N/A
199,2023-11-29T23:02:15.7090000Z,0ee16dab-8856-4515-98f8-0e446e23d1e4,WPI1_8,Successful,0,StartingWindow,Mac OS X 10_15_7,1598,2396,Eastern Standard Time,Apple GPU,0,17,10,1,128,1.22.27,0,Safari 16.5,3,-1,INCONGRUENT,800,1,56.4772072,1935.583,INCONGRUENT,1,B,NO,A,YES,0,2023-11-29T23:02:15.7090000Z,N/A,N/A
200,2023-11-29T23:02:15.7090000Z,0ee16dab-8856-4515-98f8-0e446e23d1e4,WPI1_8,Successful,0,StartingWindow,Mac OS X 10_15_7,1598,2396,Eastern Standard Time,Apple GPU,0,17,10,1,128,1.22.27,0,Safari 16.5,3,-1,INCONGRUENT,767,2,56.592907,1877.59558,INCONGRUENT,1,A,YES,B,NO,0,2023-11-29T23:02:15.7090000Z,N/A,N/A
201,2023-11-29T23:02:15.7090000Z,0ee16dab-8856-4515-98f8-0e446e23d1e4,WPI1_8,Successful,0,StartingWindow,Mac OS X 10_15_7,1598,2396,Eastern Standard Time,Apple GPU,0,17,10,1,128,1.22.27,0,Safari 16.5,3,-1,CONGRUENT,767,3,49.22443,1247.50684,CONGRUENT,1,B,NO,B,YES,0,2023-11-29T23:02:15.7090000Z,N/A,N/A
202,2023-11-29T23:02:15.7090000Z,0ee16dab-8856-4515-98f8-0e446e23d1e4,WPI1_8,Successful,0,StartingWindow,Mac OS X 10_15_7,1598,2396,Eastern Standard Time,Apple GPU,0,17,10,1,128,1.22.27,0,Safari 16.5,3,-1,INCONGRUENT,783,4,57.51039,1658.06738,INCONGRUENT,1,B,NO,A,YES,0,2023-11-29T23:02:15.7090000Z,N/A,N/A
203,2023-11-29T23:02:15.7090000Z,0ee16dab-8856-4515-98f8-0e446e23d1e4,WPI1_8,Successful,0,StartingWindow,Mac OS X 10_15_7,1598,2396,Eastern Standard Time,Apple GPU,0,17,10,1,128,1.22.27,0,Safari 16.5,3,-1,CONGRUENT,633,5,66.9270859,1957.25073,CONGRUENT,1,B,NO,B,YES,0,2023-11-29T23:02:15.7090000Z,N/A,N/A
204,2023-11-29T22:56:55.5570000Z,0ee16dab-8856-4515-98f8-0e446e23d1e4,WPI1_12,Successful,0,Real,Windows 10,1758,2995,Eastern Standard Time,"ANGLE (Intel, Intel(R) Iris(R) Plus Graphics (0x00008A52) Direct3D11 vs_5_0 ps_5_0, D3D11)",0,17,10,1,128,1.22.27,0,Chrome 119,3,967,CONGRUENT,1267,0,48.96718,179.27684,CONGRUENT,0,A,YES,A,NO,1,2023-11-29T22:56:55.5570000Z,N/A,N/A
205,2023-11-29T22:56:55.5570000Z,0ee16dab-8856-4515-98f8-0e446e23d1e4,WPI1_12,Successful,0,Real,Windows 10,1758,2995,Eastern Standard Time,"ANGLE (Intel, Intel(R) Iris(R) Plus Graphics (0x00008A52) Direct3D11 vs_5_0 ps_5_0, D3D11)",0,17,10,1,128,1.22.27,0,Chrome 119,3,967,INCONGRUENT,700,1,51.69542,237.3486,INCONGRUENT,1,A,YES,B,NO,0,2023-11-29T22:56:55.5570000Z,N/A,N/A
206,2023-11-29T22:56:55.5570000Z,0ee16dab-8856-4515-98f8-0e446e23d1e4,WPI1_12,Successful,0,Real,Windows 10,1758,2995,Eastern Standard Time,"ANGLE (Intel, Intel(R) Iris(R) Plus Graphics (0x00008A52) Direct3D11 vs_5_0 ps_5_0, D3D11)",0,17,10,1,128,1.22.27,0,Chrome 119,3,1007,CONGRUENT,550,2,46.67222,125.929619,CONGRUENT,1,A,YES,A,NO,0,2023-11-29T22:56:55.5570000Z,N/A,N/A
207,2023-11-29T22:56:55.5570000Z,0ee16dab-8856-4515-98f8-0e446e23d1e4,WPI1_12,Successful,0,Real,Windows 10,1758,2995,Eastern Standard Time,"ANGLE (Intel, Intel(R) Iris(R) Plus Graphics (0x00008A52) Direct3D11 vs_5_0 ps_5_0, D3D11)",0,17,10,1,128,1.22.27,0,Chrome 119,3,997,CONGRUENT,533,3,47.95964,165.623062,CONGRUENT,1,B,NO,B,YES,0,2023-11-29T22:56:55.5570000Z,N/A,N/A
208,2023-11-29T22:56:55.5570000Z,0ee16dab-8856-4515-98f8-0e446e23d1e4,WPI1_12,Successful,0,Real,Windows 10,1758,2995,Eastern Standard Time,"ANGLE (Intel, Intel(R) Iris(R) Plus Graphics (0x00008A52) Direct3D11 vs_5_0 ps_5_0, D3D11)",0,17,10,1,128,1.22.27,0,Chrome 119,3,977,CONGRUENT,500,4,49.69487,173.63855,CONGRUENT,1,B,NO,B,YES,0,2023-11-29T22:56:55.5570000Z,N/A,N/A
209,2023-11-29T22:56:55.5570000Z,0ee16dab-8856-4515-98f8-0e446e23d1e4,WPI1_12,Successful,0,Real,Windows 10,1758,2995,Eastern Standard Time,"ANGLE (Intel, Intel(R) Iris(R) Plus Graphics (0x00008A52) Direct3D11 vs_5_0 ps_5_0, D3D11)",0,17,10,1,128,1.22.27,0,Chrome 119,3,957,INCONGRUENT,533,5,47.2037239,121.553078,INCONGRUENT,1,B,NO,A,YES,0,2023-11-29T22:56:55.5570000Z,N/A,N/A
210,2023-11-29T22:56:55.5570000Z,0ee16dab-8856-4515-98f8-0e446e23d1e4,WPI1_12,Successful,0,Real,Windows 10,1758,2995,Eastern Standard Time,"ANGLE (Intel, Intel(R) Iris(R) Plus Graphics (0x00008A52) Direct3D11 vs_5_0 ps_5_0, D3D11)",0,17,10,1,128,1.22.27,0,Chrome 119,3,947,CONGRUENT,517,6,50.7143974,197.700638,CONGRUENT,1,A,YES,A,NO,0,2023-11-29T22:56:55.5570000Z,N/A,N/A
211,2023-11-29T22:56:55.5570000Z,0ee16dab-8856-4515-98f8-0e446e23d1e4,WPI1_12,Successful,0,Real,Windows 10,1758,2995,Eastern Standard Time,"ANGLE (Intel, Intel(R) Iris(R) Plus Graphics (0x00008A52) Direct3D11 vs_5_0 ps_5_0, D3D11)",0,17,10,1,128,1.22.27,0,Chrome 119,3,937,INCONGRUENT,433,7,49.7317276,189.025772,INCONGRUENT,1,A,YES,B,NO,0,2023-11-29T22:56:55.5570000Z,N/A,N/A
212,2023-11-29T22:56:55.5570000Z,0ee16dab-8856-4515-98f8-0e446e23d1e4,WPI1_12,Successful,0,Real,Windows 10,1758,2995,Eastern Standard Time,"ANGLE (Intel, Intel(R) Iris(R) Plus Graphics (0x00008A52) Direct3D11 vs_5_0 ps_5_0, D3D11)",0,17,10,1,128,1.22.27,0,Chrome 119,3,907,CONGRUENT,534,8,49.3957329,161.587051,CONGRUENT,1,B,NO,B,YES,0,2023-11-29T22:56:55.5570000Z,N/A,N/A
213,2023-11-29T22:56:55.5570000Z,0ee16dab-8856-4515-98f8-0e446e23d1e4,WPI1_12,Successful,0,Real,Windows 10,1758,2995,Eastern Standard Time,"ANGLE (Intel, Intel(R) Iris(R) Plus Graphics (0x00008A52) Direct3D11 vs_5_0 ps_5_0, D3D11)",0,17,10,1,128,1.22.27,0,Chrome 119,3,907,INCONGRUENT,450,9,51.9826775,202.588486,INCONGRUENT,1,A,YES,B,NO,0,2023-11-29T22:56:55.5570000Z,N/A,N/A
214,2023-11-29T22:56:55.5570000Z,0ee16dab-8856-4515-98f8-0e446e23d1e4,WPI1_12,Successful,0,Real,Windows 10,1758,2995,Eastern Standard Time,"ANGLE (Intel, Intel(R) Iris(R) Plus Graphics (0x00008A52) Direct3D11 vs_5_0 ps_5_0, D3D11)",0,17,10,1,128,1.22.27,0,Chrome 119,3,867,INCONGRUENT,566,10,50.0733376,206.064758,INCONGRUENT,1,B,NO,A,YES,0,2023-11-29T22:56:55.5570000Z,N/A,N/A
215,2023-11-29T22:56:55.5570000Z,0ee16dab-8856-4515-98f8-0e446e23d1e4,WPI1_12,Successful,0,Real,Windows 10,1758,2995,Eastern Standard Time,"ANGLE (Intel, Intel(R) Iris(R) Plus Graphics (0x00008A52) Direct3D11 vs_5_0 ps_5_0, D3D11)",0,17,10,1,128,1.22.27,0,Chrome 119,3,857,CONGRUENT,417,11,50.2139168,270.8126,CONGRUENT,0,B,YES,B,NO,0,2023-11-29T22:56:55.5570000Z,N/A,N/A
216,2023-11-29T22:56:55.5570000Z,0ee16dab-8856-4515-98f8-0e446e23d1e4,WPI1_12,Successful,0,Real,Windows 10,1758,2995,Eastern Standard Time,"ANGLE (Intel, Intel(R) Iris(R) Plus Graphics (0x00008A52) Direct3D11 vs_5_0 ps_5_0, D3D11)",0,17,10,1,128,1.22.27,0,Chrome 119,3,817,INCONGRUENT,750,12,48.2028465,162.1106,INCONGRUENT,1,A,YES,B,NO,0,2023-11-29T22:56:55.5570000Z,N/A,N/A
217,2023-11-29T22:56:55.5570000Z,0ee16dab-8856-4515-98f8-0e446e23d1e4,WPI1_12,Successful,0,Real,Windows 10,1758,2995,Eastern Standard Time,"ANGLE (Intel, Intel(R) Iris(R) Plus Graphics (0x00008A52) Direct3D11 vs_5_0 ps_5_0, D3D11)",0,17,10,1,128,1.22.27,0,Chrome 119,3,897,CONGRUENT,683,13,51.2768173,232.316711,CONGRUENT,1,B,NO,B,YES,0,2023-11-29T22:56:55.5570000Z,N/A,N/A
218,2023-11-29T22:56:55.5570000Z,0ee16dab-8856-4515-98f8-0e446e23d1e4,WPI1_12,Successful,0,Real,Windows 10,1758,2995,Eastern Standard Time,"ANGLE (Intel, Intel(R) Iris(R) Plus Graphics (0x00008A52) Direct3D11 vs_5_0 ps_5_0, D3D11)",0,17,10,1,128,1.22.27,0,Chrome 119,3,887,CONGRUENT,567,14,48.0119247,164.777649,CONGRUENT,1,B,NO,B,YES,0,2023-11-29T22:56:55.5570000Z,N/A,N/A
219,2023-11-29T22:56:55.5570000Z,0ee16dab-8856-4515-98f8-0e446e23d1e4,WPI1_12,Successful,0,Real,Windows 10,1758,2995,Eastern Standard Time,"ANGLE (Intel, Intel(R) Iris(R) Plus Graphics (0x00008A52) Direct3D11 vs_5_0 ps_5_0, D3D11)",0,17,10,1,128,1.22.27,0,Chrome 119,3,757,INCONGRUENT,600,15,48.7982826,167.819077,INCONGRUENT,1,A,YES,B,NO,0,2023-11-29T22:56:55.5570000Z,N/A,N/A
220,2023-11-29T22:56:55.5570000Z,0ee16dab-8856-4515-98f8-0e446e23d1e4,WPI1_12,Successful,0,Real,Windows 10,1758,2995,Eastern Standard Time,"ANGLE (Intel, Intel(R) Iris(R) Plus Graphics (0x00008A52) Direct3D11 vs_5_0 ps_5_0, D3D11)",0,17,10,1,128,1.22.27,0,Chrome 119,3,867,CONGRUENT,500,16,51.3833656,219.7604,CONGRUENT,1,A,YES,A,NO,0,2023-11-29T22:56:55.5570000Z,N/A,N/A
221,2023-11-29T22:56:55.5570000Z,0ee16dab-8856-4515-98f8-0e446e23d1e4,WPI1_12,Successful,0,Real,Windows 10,1758,2995,Eastern Standard Time,"ANGLE (Intel, Intel(R) Iris(R) Plus Graphics (0x00008A52) Direct3D11 vs_5_0 ps_5_0, D3D11)",0,17,10,1,128,1.22.27,0,Chrome 119,3,687,INCONGRUENT,600,17,51.2356529,215.7264,INCONGRUENT,1,B,NO,A,YES,0,2023-11-29T22:56:55.5570000Z,N/A,N/A
222,2023-11-29T22:56:55.5570000Z,0ee16dab-8856-4515-98f8-0e446e23d1e4,WPI1_12,Successful,0,Real,Windows 10,1758,2995,Eastern Standard Time,"ANGLE (Intel, Intel(R) Iris(R) Plus Graphics (0x00008A52) Direct3D11 vs_5_0 ps_5_0, D3D11)",0,17,10,1,128,1.22.27,0,Chrome 119,3,607,INCONGRUENT,517,18,49.14602,200.916443,INCONGRUENT,1,B,NO,A,YES,0,2023-11-29T22:56:55.5570000Z,N/A,N/A
223,2023-11-29T22:56:55.5570000Z,0ee16dab-8856-4515-98f8-0e446e23d1e4,WPI1_12,Successful,0,Real,Windows 10,1758,2995,Eastern Standard Time,"ANGLE (Intel, Intel(R) Iris(R) Plus Graphics (0x00008A52) Direct3D11 vs_5_0 ps_5_0, D3D11)",0,17,10,1,128,1.22.27,0,Chrome 119,3,517,INCONGRUENT,616,19,48.06413,154.136139,INCONGRUENT,0,B,NO,A,YES,1,2023-11-29T22:56:55.5570000Z,N/A,N/A
224,2023-11-29T22:56:55.5570000Z,0ee16dab-8856-4515-98f8-0e446e23d1e4,WPI1_12,Successful,0,Real,Windows 10,1758,2995,Eastern Standard Time,"ANGLE (Intel, Intel(R) Iris(R) Plus Graphics (0x00008A52) Direct3D11 vs_5_0 ps_5_0, D3D11)",0,17,10,1,128,1.22.27,0,Chrome 119,3,837,CONGRUENT,516,20,48.458168,178.229218,CONGRUENT,1,A,YES,A,NO,0,2023-11-29T22:56:55.5570000Z,N/A,N/A
225,2023-11-29T22:56:55.5570000Z,0ee16dab-8856-4515-98f8-0e446e23d1e4,WPI1_12,Successful,0,Real,Windows 10,1758,2995,Eastern Standard Time,"ANGLE (Intel, Intel(R) Iris(R) Plus Graphics (0x00008A52) Direct3D11 vs_5_0 ps_5_0, D3D11)",0,17,10,1,128,1.22.27,0,Chrome 119,3,557,INCONGRUENT,500,21,49.1551971,215.897812,INCONGRUENT,0,A,NO,B,YES,0,2023-11-29T22:56:55.5570000Z,N/A,N/A
226,2023-11-29T22:56:55.5570000Z,0ee16dab-8856-4515-98f8-0e446e23d1e4,WPI1_12,Successful,0,Real,Windows 10,1758,2995,Eastern Standard Time,"ANGLE (Intel, Intel(R) Iris(R) Plus Graphics (0x00008A52) Direct3D11 vs_5_0 ps_5_0, D3D11)",0,17,10,1,128,1.22.27,0,Chrome 119,3,797,CONGRUENT,633,22,50.7452736,283.293335,CONGRUENT,1,B,NO,B,YES,0,2023-11-29T22:56:55.5570000Z,N/A,N/A
227,2023-11-29T22:56:55.5570000Z,0ee16dab-8856-4515-98f8-0e446e23d1e4,WPI1_12,Successful,0,Real,Windows 10,1758,2995,Eastern Standard Time,"ANGLE (Intel, Intel(R) Iris(R) Plus Graphics (0x00008A52) Direct3D11 vs_5_0 ps_5_0, D3D11)",0,17,10,1,128,1.22.27,0,Chrome 119,3,637,INCONGRUENT,600,23,48.3956223,160.518372,INCONGRUENT,1,A,YES,B,NO,0,2023-11-29T22:56:55.5570000Z,N/A,N/A
228,2023-11-29T22:56:55.5570000Z,0ee16dab-8856-4515-98f8-0e446e23d1e4,WPI1_12,Successful,0,Real,Windows 10,1758,2995,Eastern Standard Time,"ANGLE (Intel, Intel(R) Iris(R) Plus Graphics (0x00008A52) Direct3D11 vs_5_0 ps_5_0, D3D11)",0,17,10,1,128,1.22.27,0,Chrome 119,3,747,CONGRUENT,516,24,48.90903,216.319351,CONGRUENT,1,A,YES,A,NO,0,2023-11-29T22:56:55.5570000Z,N/A,N/A
229,2023-11-29T22:56:55.5570000Z,0ee16dab-8856-4515-98f8-0e446e23d1e4,WPI1_12,Successful,0,Real,Windows 10,1758,2995,Eastern Standard Time,"ANGLE (Intel, Intel(R) Iris(R) Plus Graphics (0x00008A52) Direct3D11 vs_5_0 ps_5_0, D3D11)",0,17,10,1,128,1.22.27,0,Chrome 119,3,627,INCONGRUENT,567,25,48.5232468,190.248169,INCONGRUENT,1,B,NO,A,YES,0,2023-11-29T22:56:55.5570000Z,N/A,N/A
230,2023-11-29T22:56:55.5570000Z,0ee16dab-8856-4515-98f8-0e446e23d1e4,WPI1_12,Successful,0,Real,Windows 10,1758,2995,Eastern Standard Time,"ANGLE (Intel, Intel(R) Iris(R) Plus Graphics (0x00008A52) Direct3D11 vs_5_0 ps_5_0, D3D11)",0,17,10,1,128,1.22.27,0,Chrome 119,3,687,CONGRUENT,549,26,46.6758881,130.1775,CONGRUENT,1,A,YES,A,NO,0,2023-11-29T22:56:55.5570000Z,N/A,N/A
231,2023-11-29T22:56:55.5570000Z,0ee16dab-8856-4515-98f8-0e446e23d1e4,WPI1_12,Successful,0,Real,Windows 10,1758,2995,Eastern Standard Time,"ANGLE (Intel, Intel(R) Iris(R) Plus Graphics (0x00008A52) Direct3D11 vs_5_0 ps_5_0, D3D11)",0,17,10,1,128,1.22.27,0,Chrome 119,3,607,INCONGRUENT,550,27,52.83595,242.155,INCONGRUENT,1,B,NO,A,YES,0,2023-11-29T22:56:55.5570000Z,N/A,N/A
232,2023-11-29T22:56:14.5343460Z,0ee16dab-8856-4515-98f8-0e446e23d1e4,WPI1_7,Successful,0,Real,iPadOS 17.1.1,1640,2360,EST,Apple A14 GPU,0,8,10,6,3873,1.22.31,264,"iPad13,1",1,691,CONGRUENT,533,0,60.02497,0.09152408000000001,CONGRUENT,1,A,YES,A,NO,0,2023-11-29T22:56:14.5343460Z,N/A,N/A
233,2023-11-29T22:56:14.5343460Z,0ee16dab-8856-4515-98f8-0e446e23d1e4,WPI1_7,Successful,0,Real,iPadOS 17.1.1,1640,2360,EST,Apple A14 GPU,0,8,10,6,3873,1.22.31,264,"iPad13,1",1,681,CONGRUENT,1084,1,59.99937,0.10121697900000001,CONGRUENT,0,A,YES,A,NO,1,2023-11-29T22:56:14.5343460Z,N/A,N/A
234,2023-11-29T22:56:14.5343460Z,0ee16dab-8856-4515-98f8-0e446e23d1e4,WPI1_7,Successful,0,Real,iPadOS 17.1.1,1640,2360,EST,Apple A14 GPU,0,8,10,6,3873,1.22.31,264,"iPad13,1",1,721,CONGRUENT,417,2,60.0263252,0.13925752,CONGRUENT,1,B,NO,B,YES,0,2023-11-29T22:56:14.5343460Z,N/A,N/A
235,2023-11-29T22:56:14.5343460Z,0ee16dab-8856-4515-98f8-0e446e23d1e4,WPI1_7,Successful,0,Real,iPadOS 17.1.1,1640,2360,EST,Apple A14 GPU,0,8,10,6,3873,1.22.31,264,"iPad13,1",1,691,INCONGRUENT,466,3,60.0070648,0.10267751700000001,INCONGRUENT,1,B,NO,A,YES,0,2023-11-29T22:56:14.5343460Z,N/A,N/A
236,2023-11-29T22:56:14.5343460Z,0ee16dab-8856-4515-98f8-0e446e23d1e4,WPI1_7,Successful,0,Real,iPadOS 17.1.1,1640,2360,EST,Apple A14 GPU,0,8,10,6,3873,1.22.31,264,"iPad13,1",1,711,CONGRUENT,400,4,59.9834557,0.132185027,CONGRUENT,1,A,YES,A,NO,0,2023-11-29T22:56:14.5343460Z,N/A,N/A
237,2023-11-29T22:56:14.5343460Z,0ee16dab-8856-4515-98f8-0e446e23d1e4,WPI1_7,Successful,0,Real,iPadOS 17.1.1,1640,2360,EST,Apple A14 GPU,0,8,10,6,3873,1.22.31,264,"iPad13,1",1,681,INCONGRUENT,333,5,60.01707,0.124507606,INCONGRUENT,0,A,NO,B,YES,0,2023-11-29T22:56:14.5343460Z,N/A,N/A
238,2023-11-29T22:56:14.5343460Z,0ee16dab-8856-4515-98f8-0e446e23d1e4,WPI1_7,Successful,0,Real,iPadOS 17.1.1,1640,2360,EST,Apple A14 GPU,0,8,10,6,3873,1.22.31,264,"iPad13,1",1,721,INCONGRUENT,417,6,60.0086136,0.15608654900000002,INCONGRUENT,1,B,NO,A,YES,0,2023-11-29T22:56:14.5343460Z,N/A,N/A
239,2023-11-29T22:56:14.5343460Z,0ee16dab-8856-4515-98f8-0e446e23d1e4,WPI1_7,Successful,0,Real,iPadOS 17.1.1,1640,2360,EST,Apple A14 GPU,0,8,10,6,3873,1.22.31,264,"iPad13,1",1,691,CONGRUENT,434,7,60.002,0.120249718,CONGRUENT,1,B,NO,B,YES,0,2023-11-29T22:56:14.5343460Z,N/A,N/A
240,2023-11-29T22:56:14.5343460Z,0ee16dab-8856-4515-98f8-0e446e23d1e4,WPI1_7,Successful,0,Real,iPadOS 17.1.1,1640,2360,EST,Apple A14 GPU,0,8,10,6,3873,1.22.31,264,"iPad13,1",1,661,CONGRUENT,400,8,60.01102,0.654916346,CONGRUENT,1,A,YES,A,NO,0,2023-11-29T22:56:14.5343460Z,N/A,N/A
241,2023-11-29T22:56:14.5343460Z,0ee16dab-8856-4515-98f8-0e446e23d1e4,WPI1_7,Successful,0,Real,iPadOS 17.1.1,1640,2360,EST,Apple A14 GPU,0,8,10,6,3873,1.22.31,264,"iPad13,1",1,711,INCONGRUENT,517,9,59.90286,0.44137099999999996,INCONGRUENT,1,A,YES,B,NO,0,2023-11-29T22:56:14.5343460Z,N/A,N/A
242,2023-11-29T22:56:14.5343460Z,0ee16dab-8856-4515-98f8-0e446e23d1e4,WPI1_7,Successful,0,Real,iPadOS 17.1.1,1640,2360,EST,Apple A14 GPU,0,8,10,6,3873,1.22.31,264,"iPad13,1",1,691,INCONGRUENT,517,10,59.99175,0.08534831,INCONGRUENT,1,A,YES,B,NO,0,2023-11-29T22:56:14.5343460Z,N/A,N/A
243,2023-11-29T22:56:14.5343460Z,0ee16dab-8856-4515-98f8-0e446e23d1e4,WPI1_7,Successful,0,Real,iPadOS 17.1.1,1640,2360,EST,Apple A14 GPU,0,8,10,6,3873,1.22.31,264,"iPad13,1",1,621,CONGRUENT,384,11,60.0140572,0.0605303831,CONGRUENT,1,B,NO,B,YES,0,2023-11-29T22:56:14.5343460Z,N/A,N/A
244,2023-11-29T22:56:14.5343460Z,0ee16dab-8856-4515-98f8-0e446e23d1e4,WPI1_7,Successful,0,Real,iPadOS 17.1.1,1640,2360,EST,Apple A14 GPU,0,8,10,6,3873,1.22.31,264,"iPad13,1",1,571,CONGRUENT,484,12,60.01576,0.327155858,CONGRUENT,1,B,NO,B,YES,0,2023-11-29T22:56:14.5343460Z,N/A,N/A
245,2023-11-29T22:56:14.5343460Z,0ee16dab-8856-4515-98f8-0e446e23d1e4,WPI1_7,Successful,0,Real,iPadOS 17.1.1,1640,2360,EST,Apple A14 GPU,0,8,10,6,3873,1.22.31,264,"iPad13,1",1,661,INCONGRUENT,467,13,60.0070572,0.10267733,INCONGRUENT,1,B,NO,A,YES,0,2023-11-29T22:56:14.5343460Z,N/A,N/A
246,2023-11-29T22:56:14.5343460Z,0ee16dab-8856-4515-98f8-0e446e23d1e4,WPI1_7,Successful,0,Real,iPadOS 17.1.1,1640,2360,EST,Apple A14 GPU,0,8,10,6,3873,1.22.31,264,"iPad13,1",1,511,CONGRUENT,366,14,60.0304222,0.1885617,CONGRUENT,1,A,YES,A,NO,0,2023-11-29T22:56:14.5343460Z,N/A,N/A
247,2023-11-29T22:56:14.5343460Z,0ee16dab-8856-4515-98f8-0e446e23d1e4,WPI1_7,Successful,0,Real,iPadOS 17.1.1,1640,2360,EST,Apple A14 GPU,0,8,10,6,3873,1.22.31,264,"iPad13,1",1,621,INCONGRUENT,450,15,60.01838,0.102893934,INCONGRUENT,0,A,NO,B,YES,0,2023-11-29T22:56:14.5343460Z,N/A,N/A
248,2023-11-29T22:56:14.5343460Z,0ee16dab-8856-4515-98f8-0e446e23d1e4,WPI1_7,Successful,0,Real,iPadOS 17.1.1,1640,2360,EST,Apple A14 GPU,0,8,10,6,3873,1.22.31,264,"iPad13,1",1,661,INCONGRUENT,550,16,60.01559,0.11730665700000001,INCONGRUENT,1,A,YES,B,NO,0,2023-11-29T22:56:14.5343460Z,N/A,N/A
249,2023-11-29T22:56:14.5343460Z,0ee16dab-8856-4515-98f8-0e446e23d1e4,WPI1_7,Successful,0,Real,iPadOS 17.1.1,1640,2360,EST,Apple A14 GPU,0,8,10,6,3873,1.22.31,264,"iPad13,1",1,441,CONGRUENT,600,17,60.001873,0.11280298200000001,CONGRUENT,0,B,NO,B,YES,1,2023-11-29T22:56:14.5343460Z,N/A,N/A
250,2023-11-29T22:56:14.5343460Z,0ee16dab-8856-4515-98f8-0e446e23d1e4,WPI1_7,Successful,0,Real,iPadOS 17.1.1,1640,2360,EST,Apple A14 GPU,0,8,10,6,3873,1.22.31,264,"iPad13,1",1,481,CONGRUENT,433,18,60.0303078,0.08704157,CONGRUENT,1,B,NO,B,YES,0,2023-11-29T22:56:14.5343460Z,N/A,N/A
251,2023-11-29T22:56:14.5343460Z,0ee16dab-8856-4515-98f8-0e446e23d1e4,WPI1_7,Successful,0,Real,iPadOS 17.1.1,1640,2360,EST,Apple A14 GPU,0,8,10,6,3873,1.22.31,264,"iPad13,1",1,651,INCONGRUENT,400,19,60.00301,0.181112766,INCONGRUENT,1,B,NO,A,YES,0,2023-11-29T22:56:14.5343460Z,N/A,N/A
252,2023-11-29T22:56:14.5343460Z,0ee16dab-8856-4515-98f8-0e446e23d1e4,WPI1_7,Successful,0,Real,iPadOS 17.1.1,1640,2360,EST,Apple A14 GPU,0,8,10,6,3873,1.22.31,264,"iPad13,1",1,471,CONGRUENT,417,20,60.00728,0.07673308,CONGRUENT,0,A,NO,A,YES,0,2023-11-29T22:56:14.5343460Z,N/A,N/A
253,2023-11-29T22:56:14.5343460Z,0ee16dab-8856-4515-98f8-0e446e23d1e4,WPI1_7,Successful,0,Real,iPadOS 17.1.1,1640,2360,EST,Apple A14 GPU,0,8,10,6,3873,1.22.31,264,"iPad13,1",1,631,INCONGRUENT,483,21,60.011776,0.085647285,INCONGRUENT,1,B,NO,A,YES,0,2023-11-29T22:56:14.5343460Z,N/A,N/A
254,2023-11-29T22:56:14.5343460Z,0ee16dab-8856-4515-98f8-0e446e23d1e4,WPI1_7,Successful,0,Real,iPadOS 17.1.1,1640,2360,EST,Apple A14 GPU,0,8,10,6,3873,1.22.31,264,"iPad13,1",1,511,CONGRUENT,433,22,60.0130424,0.09034749,CONGRUENT,1,B,NO,B,YES,0,2023-11-29T22:56:14.5343460Z,N/A,N/A
255,2023-11-29T22:56:14.5343460Z,0ee16dab-8856-4515-98f8-0e446e23d1e4,WPI1_7,Successful,0,Real,iPadOS 17.1.1,1640,2360,EST,Apple A14 GPU,0,8,10,6,3873,1.22.31,264,"iPad13,1",1,601,INCONGRUENT,416,23,60.0078239,0.109619983,INCONGRUENT,0,A,NO,B,YES,0,2023-11-29T22:56:14.5343460Z,N/A,N/A
256,2023-11-29T22:56:14.5343460Z,0ee16dab-8856-4515-98f8-0e446e23d1e4,WPI1_7,Successful,0,Real,iPadOS 17.1.1,1640,2360,EST,Apple A14 GPU,0,8,10,6,3873,1.22.31,264,"iPad13,1",1,641,INCONGRUENT,467,24,59.9905434,0.0756420642,INCONGRUENT,1,B,NO,A,YES,0,2023-11-29T22:56:14.5343460Z,N/A,N/A
257,2023-11-29T22:56:14.5343460Z,0ee16dab-8856-4515-98f8-0e446e23d1e4,WPI1_7,Successful,0,Real,iPadOS 17.1.1,1640,2360,EST,Apple A14 GPU,0,8,10,6,3873,1.22.31,264,"iPad13,1",1,631,INCONGRUENT,417,25,60.00728,0.0767331,INCONGRUENT,1,A,YES,B,NO,0,2023-11-29T22:56:14.5343460Z,N/A,N/A
258,2023-11-29T22:56:14.5343460Z,0ee16dab-8856-4515-98f8-0e446e23d1e4,WPI1_7,Successful,0,Real,iPadOS 17.1.1,1640,2360,EST,Apple A14 GPU,0,8,10,6,3873,1.22.31,264,"iPad13,1",1,501,CONGRUENT,433,26,59.9960365,0.10817844400000001,CONGRUENT,1,A,YES,A,NO,0,2023-11-29T22:56:14.5343460Z,N/A,N/A
259,2023-11-29T22:56:14.5343460Z,0ee16dab-8856-4515-98f8-0e446e23d1e4,WPI1_7,Successful,0,Real,iPadOS 17.1.1,1640,2360,EST,Apple A14 GPU,0,8,10,6,3873,1.22.31,264,"iPad13,1",1,611,INCONGRUENT,483,27,59.99652,0.1016217,INCONGRUENT,1,B,NO,A,YES,0,2023-11-29T22:56:14.5343460Z,N/A,N/A
260,2023-11-29T22:56:14.5343460Z,0ee16dab-8856-4515-98f8-0e446e23d1e4,WPI1_7,Successful,0,StartingWindow,iPadOS 17.1.1,1640,2360,EST,Apple A14 GPU,0,8,10,6,3873,1.22.31,264,"iPad13,1",1,691,CONGRUENT,533,0,60.02497,0.09152408000000001,CONGRUENT,1,A,YES,A,NO,0,2023-11-29T22:56:14.5343460Z,N/A,N/A
261,2023-11-29T22:56:14.5343460Z,0ee16dab-8856-4515-98f8-0e446e23d1e4,WPI1_7,Successful,0,StartingWindow,iPadOS 17.1.1,1640,2360,EST,Apple A14 GPU,0,8,10,6,3873,1.22.31,264,"iPad13,1",1,681,CONGRUENT,1084,1,59.99937,0.10121697900000001,CONGRUENT,0,A,YES,A,NO,1,2023-11-29T22:56:14.5343460Z,N/A,N/A
262,2023-11-29T22:56:14.5343460Z,0ee16dab-8856-4515-98f8-0e446e23d1e4,WPI1_7,Successful,0,StartingWindow,iPadOS 17.1.1,1640,2360,EST,Apple A14 GPU,0,8,10,6,3873,1.22.31,264,"iPad13,1",1,721,CONGRUENT,417,2,60.0263252,0.13925752,CONGRUENT,1,B,NO,B,YES,0,2023-11-29T22:56:14.5343460Z,N/A,N/A
263,2023-11-29T22:56:14.5343460Z,0ee16dab-8856-4515-98f8-0e446e23d1e4,WPI1_7,Successful,0,StartingWindow,iPadOS 17.1.1,1640,2360,EST,Apple A14 GPU,0,8,10,6,3873,1.22.31,264,"iPad13,1",1,691,INCONGRUENT,466,3,60.0070648,0.10267751700000001,INCONGRUENT,1,B,NO,A,YES,0,2023-11-29T22:56:14.5343460Z,N/A,N/A
264,2023-11-29T22:56:14.5343460Z,0ee16dab-8856-4515-98f8-0e446e23d1e4,WPI1_7,Successful,0,StartingWindow,iPadOS 17.1.1,1640,2360,EST,Apple A14 GPU,0,8,10,6,3873,1.22.31,264,"iPad13,1",1,711,CONGRUENT,400,4,59.9834557,0.132185027,CONGRUENT,1,A,YES,A,NO,0,2023-11-29T22:56:14.5343460Z,N/A,N/A
265,2023-11-29T22:56:14.5343460Z,0ee16dab-8856-4515-98f8-0e446e23d1e4,WPI1_7,Successful,0,StartingWindow,iPadOS 17.1.1,1640,2360,EST,Apple A14 GPU,0,8,10,6,3873,1.22.31,264,"iPad13,1",1,681,INCONGRUENT,333,5,60.01707,0.124507606,INCONGRUENT,0,A,NO,B,YES,0,2023-11-29T22:56:14.5343460Z,N/A,N/A
266,2023-11-29T22:56:14.5343460Z,0ee16dab-8856-4515-98f8-0e446e23d1e4,WPI1_7,Successful,0,StartingWindow,iPadOS 17.1.1,1640,2360,EST,Apple A14 GPU,0,8,10,6,3873,1.22.31,264,"iPad13,1",1,721,INCONGRUENT,417,6,60.0086136,0.15608654900000002,INCONGRUENT,1,B,NO,A,YES,0,2023-11-29T22:56:14.5343460Z,N/A,N/A
267,2023-11-29T22:56:14.5343460Z,0ee16dab-8856-4515-98f8-0e446e23d1e4,WPI1_7,Successful,0,StartingWindow,iPadOS 17.1.1,1640,2360,EST,Apple A14 GPU,0,8,10,6,3873,1.22.31,264,"iPad13,1",1,691,CONGRUENT,434,7,60.002,0.120249718,CONGRUENT,1,B,NO,B,YES,0,2023-11-29T22:56:14.5343460Z,N/A,N/A
268,2023-11-29T22:56:14.5343460Z,0ee16dab-8856-4515-98f8-0e446e23d1e4,WPI1_7,Successful,0,StartingWindow,iPadOS 17.1.1,1640,2360,EST,Apple A14 GPU,0,8,10,6,3873,1.22.31,264,"iPad13,1",1,661,CONGRUENT,400,8,60.01102,0.654916346,CONGRUENT,1,A,YES,A,NO,0,2023-11-29T22:56:14.5343460Z,N/A,N/A
269,2023-11-29T22:56:14.5343460Z,0ee16dab-8856-4515-98f8-0e446e23d1e4,WPI1_7,Successful,0,StartingWindow,iPadOS 17.1.1,1640,2360,EST,Apple A14 GPU,0,8,10,6,3873,1.22.31,264,"iPad13,1",1,711,INCONGRUENT,517,9,59.90286,0.44137099999999996,INCONGRUENT,1,A,YES,B,NO,0,2023-11-29T22:56:14.5343460Z,N/A,N/A
270,2023-11-29T22:56:14.5343460Z,0ee16dab-8856-4515-98f8-0e446e23d1e4,WPI1_7,Successful,0,StartingWindow,iPadOS 17.1.1,1640,2360,EST,Apple A14 GPU,0,8,10,6,3873,1.22.31,264,"iPad13,1",1,691,INCONGRUENT,517,10,59.99175,0.08534831,INCONGRUENT,1,A,YES,B,NO,0,2023-11-29T22:56:14.5343460Z,N/A,N/A
271,2023-11-29T22:56:14.5343460Z,0ee16dab-8856-4515-98f8-0e446e23d1e4,WPI1_7,Successful,0,StartingWindow,iPadOS 17.1.1,1640,2360,EST,Apple A14 GPU,0,8,10,6,3873,1.22.31,264,"iPad13,1",1,621,CONGRUENT,384,11,60.0140572,0.0605303831,CONGRUENT,1,B,NO,B,YES,0,2023-11-29T22:56:14.5343460Z,N/A,N/A
272,2023-11-29T22:56:14.5343460Z,0ee16dab-8856-4515-98f8-0e446e23d1e4,WPI1_7,Successful,0,StartingWindow,iPadOS 17.1.1,1640,2360,EST,Apple A14 GPU,0,8,10,6,3873,1.22.31,264,"iPad13,1",1,571,CONGRUENT,484,12,60.01576,0.327155858,CONGRUENT,1,B,NO,B,YES,0,2023-11-29T22:56:14.5343460Z,N/A,N/A
273,2023-11-29T22:56:14.5343460Z,0ee16dab-8856-4515-98f8-0e446e23d1e4,WPI1_7,Successful,0,StartingWindow,iPadOS 17.1.1,1640,2360,EST,Apple A14 GPU,0,8,10,6,3873,1.22.31,264,"iPad13,1",1,661,INCONGRUENT,467,13,60.0070572,0.10267733,INCONGRUENT,1,B,NO,A,YES,0,2023-11-29T22:56:14.5343460Z,N/A,N/A
274,2023-11-29T22:56:14.5343460Z,0ee16dab-8856-4515-98f8-0e446e23d1e4,WPI1_7,Successful,0,StartingWindow,iPadOS 17.1.1,1640,2360,EST,Apple A14 GPU,0,8,10,6,3873,1.22.31,264,"iPad13,1",1,511,CONGRUENT,366,14,60.0304222,0.1885617,CONGRUENT,1,A,YES,A,NO,0,2023-11-29T22:56:14.5343460Z,N/A,N/A
275,2023-11-29T22:56:14.5343460Z,0ee16dab-8856-4515-98f8-0e446e23d1e4,WPI1_7,Successful,0,StartingWindow,iPadOS 17.1.1,1640,2360,EST,Apple A14 GPU,0,8,10,6,3873,1.22.31,264,"iPad13,1",1,621,INCONGRUENT,450,15,60.01838,0.102893934,INCONGRUENT,0,A,NO,B,YES,0,2023-11-29T22:56:14.5343460Z,N/A,N/A
276,2023-11-29T22:56:14.5343460Z,0ee16dab-8856-4515-98f8-0e446e23d1e4,WPI1_7,Successful,0,StartingWindow,iPadOS 17.1.1,1640,2360,EST,Apple A14 GPU,0,8,10,6,3873,1.22.31,264,"iPad13,1",1,661,INCONGRUENT,550,16,60.01559,0.11730665700000001,INCONGRUENT,1,A,YES,B,NO,0,2023-11-29T22:56:14.5343460Z,N/A,N/A
277,2023-11-29T22:56:14.5343460Z,0ee16dab-8856-4515-98f8-0e446e23d1e4,WPI1_7,Successful,0,StartingWindow,iPadOS 17.1.1,1640,2360,EST,Apple A14 GPU,0,8,10,6,3873,1.22.31,264,"iPad13,1",1,441,CONGRUENT,600,17,60.001873,0.11280298200000001,CONGRUENT,0,B,NO,B,YES,1,2023-11-29T22:56:14.5343460Z,N/A,N/A
278,2023-11-29T22:56:14.5343460Z,0ee16dab-8856-4515-98f8-0e446e23d1e4,WPI1_7,Successful,0,StartingWindow,iPadOS 17.1.1,1640,2360,EST,Apple A14 GPU,0,8,10,6,3873,1.22.31,264,"iPad13,1",1,481,CONGRUENT,433,18,60.0303078,0.08704157,CONGRUENT,1,B,NO,B,YES,0,2023-11-29T22:56:14.5343460Z,N/A,N/A
279,2023-11-29T22:56:14.5343460Z,0ee16dab-8856-4515-98f8-0e446e23d1e4,WPI1_7,Successful,0,StartingWindow,iPadOS 17.1.1,1640,2360,EST,Apple A14 GPU,0,8,10,6,3873,1.22.31,264,"iPad13,1",1,651,INCONGRUENT,400,19,60.00301,0.181112766,INCONGRUENT,1,B,NO,A,YES,0,2023-11-29T22:56:14.5343460Z,N/A,N/A
280,2023-11-29T22:56:14.5343460Z,0ee16dab-8856-4515-98f8-0e446e23d1e4,WPI1_7,Successful,0,StartingWindow,iPadOS 17.1.1,1640,2360,EST,Apple A14 GPU,0,8,10,6,3873,1.22.31,264,"iPad13,1",1,471,CONGRUENT,417,20,60.00728,0.07673308,CONGRUENT,0,A,NO,A,YES,0,2023-11-29T22:56:14.5343460Z,N/A,N/A
281,2023-11-29T22:56:14.5343460Z,0ee16dab-8856-4515-98f8-0e446e23d1e4,WPI1_7,Successful,0,StartingWindow,iPadOS 17.1.1,1640,2360,EST,Apple A14 GPU,0,8,10,6,3873,1.22.31,264,"iPad13,1",1,631,INCONGRUENT,483,21,60.011776,0.085647285,INCONGRUENT,1,B,NO,A,YES,0,2023-11-29T22:56:14.5343460Z,N/A,N/A
282,2023-11-29T22:56:14.5343460Z,0ee16dab-8856-4515-98f8-0e446e23d1e4,WPI1_7,Successful,0,StartingWindow,iPadOS 17.1.1,1640,2360,EST,Apple A14 GPU,0,8,10,6,3873,1.22.31,264,"iPad13,1",1,511,CONGRUENT,433,22,60.0130424,0.09034749,CONGRUENT,1,B,NO,B,YES,0,2023-11-29T22:56:14.5343460Z,N/A,N/A
283,2023-11-29T22:56:14.5343460Z,0ee16dab-8856-4515-98f8-0e446e23d1e4,WPI1_7,Successful,0,StartingWindow,iPadOS 17.1.1,1640,2360,EST,Apple A14 GPU,0,8,10,6,3873,1.22.31,264,"iPad13,1",1,601,INCONGRUENT,416,23,60.0078239,0.109619983,INCONGRUENT,0,A,NO,B,YES,0,2023-11-29T22:56:14.5343460Z,N/A,N/A
284,2023-11-29T22:56:14.5343460Z,0ee16dab-8856-4515-98f8-0e446e23d1e4,WPI1_7,Successful,0,StartingWindow,iPadOS 17.1.1,1640,2360,EST,Apple A14 GPU,0,8,10,6,3873,1.22.31,264,"iPad13,1",1,641,INCONGRUENT,467,24,59.9905434,0.0756420642,INCONGRUENT,1,B,NO,A,YES,0,2023-11-29T22:56:14.5343460Z,N/A,N/A
285,2023-11-29T22:56:14.5343460Z,0ee16dab-8856-4515-98f8-0e446e23d1e4,WPI1_7,Successful,0,StartingWindow,iPadOS 17.1.1,1640,2360,EST,Apple A14 GPU,0,8,10,6,3873,1.22.31,264,"iPad13,1",1,631,INCONGRUENT,417,25,60.00728,0.0767331,INCONGRUENT,1,A,YES,B,NO,0,2023-11-29T22:56:14.5343460Z,N/A,N/A
286,2023-11-29T22:56:14.5343460Z,0ee16dab-8856-4515-98f8-0e446e23d1e4,WPI1_7,Successful,0,StartingWindow,iPadOS 17.1.1,1640,2360,EST,Apple A14 GPU,0,8,10,6,3873,1.22.31,264,"iPad13,1",1,501,CONGRUENT,433,26,59.9960365,0.10817844400000001,CONGRUENT,1,A,YES,A,NO,0,2023-11-29T22:56:14.5343460Z,N/A,N/A
287,2023-11-29T22:56:14.5343460Z,0ee16dab-8856-4515-98f8-0e446e23d1e4,WPI1_7,Successful,0,StartingWindow,iPadOS 17.1.1,1640,2360,EST,Apple A14 GPU,0,8,10,6,3873,1.22.31,264,"iPad13,1",1,611,INCONGRUENT,483,27,59.99652,0.1016217,INCONGRUENT,1,B,NO,A,YES,0,2023-11-29T22:56:14.5343460Z,N/A,N/A
288,2023-11-29T22:56:27.3430000Z,0ee16dab-8856-4515-98f8-0e446e23d1e4,WPI1_12,Successful,0,StartingWindow,Windows 10,1758,2995,Eastern Standard Time,"ANGLE (Intel, Intel(R) Iris(R) Plus Graphics (0x00008A52) Direct3D11 vs_5_0 ps_5_0, D3D11)",0,17,10,1,128,1.22.27,0,Chrome 119,3,-1,CONGRUENT,0,0,49.21063,162.954529,CONGRUENT,0,A,NO,A,NO,0,2023-11-29T22:56:27.3430000Z,N/A,N/A
289,2023-11-29T22:56:27.3430000Z,0ee16dab-8856-4515-98f8-0e446e23d1e4,WPI1_12,Successful,0,StartingWindow,Windows 10,1758,2995,Eastern Standard Time,"ANGLE (Intel, Intel(R) Iris(R) Plus Graphics (0x00008A52) Direct3D11 vs_5_0 ps_5_0, D3D11)",0,17,10,1,128,1.22.27,0,Chrome 119,3,-1,CONGRUENT,2250,1,50.10364,201.689163,CONGRUENT,1,B,NO,B,YES,0,2023-11-29T22:56:27.3430000Z,N/A,N/A
290,2023-11-29T22:56:27.3430000Z,0ee16dab-8856-4515-98f8-0e446e23d1e4,WPI1_12,Successful,0,StartingWindow,Windows 10,1758,2995,Eastern Standard Time,"ANGLE (Intel, Intel(R) Iris(R) Plus Graphics (0x00008A52) Direct3D11 vs_5_0 ps_5_0, D3D11)",0,17,10,1,128,1.22.27,0,Chrome 119,3,-1,CONGRUENT,1517,2,49.5479126,183.056992,CONGRUENT,1,B,NO,B,YES,0,2023-11-29T22:56:27.3430000Z,N/A,N/A
291,2023-11-29T22:56:27.3430000Z,0ee16dab-8856-4515-98f8-0e446e23d1e4,WPI1_12,Successful,0,StartingWindow,Windows 10,1758,2995,Eastern Standard Time,"ANGLE (Intel, Intel(R) Iris(R) Plus Graphics (0x00008A52) Direct3D11 vs_5_0 ps_5_0, D3D11)",0,17,10,1,128,1.22.27,0,Chrome 119,3,-1,INCONGRUENT,867,3,50.719696,232.761017,INCONGRUENT,1,A,YES,B,NO,0,2023-11-29T22:56:27.3430000Z,N/A,N/A
292,2023-11-29T22:56:27.3430000Z,0ee16dab-8856-4515-98f8-0e446e23d1e4,WPI1_12,Successful,0,StartingWindow,Windows 10,1758,2995,Eastern Standard Time,"ANGLE (Intel, Intel(R) Iris(R) Plus Graphics (0x00008A52) Direct3D11 vs_5_0 ps_5_0, D3D11)",0,17,10,1,128,1.22.27,0,Chrome 119,3,-1,INCONGRUENT,834,4,49.53831,219.52681,INCONGRUENT,1,A,YES,B,NO,0,2023-11-29T22:56:27.3430000Z,N/A,N/A
293,2023-11-29T22:56:27.3430000Z,0ee16dab-8856-4515-98f8-0e446e23d1e4,WPI1_12,Successful,0,StartingWindow,Windows 10,1758,2995,Eastern Standard Time,"ANGLE (Intel, Intel(R) Iris(R) Plus Graphics (0x00008A52) Direct3D11 vs_5_0 ps_5_0, D3D11)",0,17,10,1,128,1.22.27,0,Chrome 119,3,-1,INCONGRUENT,767,5,49.9031754,217.829468,INCONGRUENT,1,B,NO,A,YES,0,2023-11-29T22:56:27.3430000Z,N/A,N/A
294,2023-11-29T22:55:37.2010000Z,0ee16dab-8856-4515-98f8-0e446e23d1e4,WPI1_10,Successful,0,Real,Windows 10,1199,1797,Eastern Standard Time,"ANGLE (Intel, Intel(R) Iris(R) Xe Graphics (0x000046A6) Direct3D11 vs_5_0 ps_5_0, D3D11)",0,17,10,1,128,1.22.27,0,Chrome 119,3,617,CONGRUENT,733,0,93.26526,762.190552,CONGRUENT,0,A,YES,A,NO,1,2023-11-29T22:55:37.2010000Z,N/A,N/A
295,2023-11-29T22:55:37.2010000Z,0ee16dab-8856-4515-98f8-0e446e23d1e4,WPI1_10,Successful,0,Real,Windows 10,1199,1797,Eastern Standard Time,"ANGLE (Intel, Intel(R) Iris(R) Xe Graphics (0x000046A6) Direct3D11 vs_5_0 ps_5_0, D3D11)",0,17,10,1,128,1.22.27,0,Chrome 119,3,657,CONGRUENT,383,1,91.75179,644.1798,CONGRUENT,1,B,NO,B,YES,0,2023-11-29T22:55:37.2010000Z,N/A,N/A
296,2023-11-29T22:55:37.2010000Z,0ee16dab-8856-4515-98f8-0e446e23d1e4,WPI1_10,Successful,0,Real,Windows 10,1199,1797,Eastern Standard Time,"ANGLE (Intel, Intel(R) Iris(R) Xe Graphics (0x000046A6) Direct3D11 vs_5_0 ps_5_0, D3D11)",0,17,10,1,128,1.22.27,0,Chrome 119,3,617,INCONGRUENT,483,2,80.8250046,731.4433,INCONGRUENT,0,A,NO,B,YES,0,2023-11-29T22:55:37.2010000Z,N/A,N/A
297,2023-11-29T22:55:37.2010000Z,0ee16dab-8856-4515-98f8-0e446e23d1e4,WPI1_10,Successful,0,Real,Windows 10,1199,1797,Eastern Standard Time,"ANGLE (Intel, Intel(R) Iris(R) Xe Graphics (0x000046A6) Direct3D11 vs_5_0 ps_5_0, D3D11)",0,17,10,1,128,1.22.27,0,Chrome 119,3,657,INCONGRUENT,484,3,81.00027,598.692749,INCONGRUENT,1,A,YES,B,NO,0,2023-11-29T22:55:37.2010000Z,N/A,N/A
298,2023-11-29T22:55:37.2010000Z,0ee16dab-8856-4515-98f8-0e446e23d1e4,WPI1_10,Successful,0,Real,Windows 10,1199,1797,Eastern Standard Time,"ANGLE (Intel, Intel(R) Iris(R) Xe Graphics (0x000046A6) Direct3D11 vs_5_0 ps_5_0, D3D11)",0,17,10,1,128,1.22.27,0,Chrome 119,3,647,CONGRUENT,416,4,84.18855,654.4826,CONGRUENT,1,B,NO,B,YES,0,2023-11-29T22:55:37.2010000Z,N/A,N/A
299,2023-11-29T22:55:37.2010000Z,0ee16dab-8856-4515-98f8-0e446e23d1e4,WPI1_10,Successful,0,Real,Windows 10,1199,1797,Eastern Standard Time,"ANGLE (Intel, Intel(R) Iris(R) Xe Graphics (0x000046A6) Direct3D11 vs_5_0 ps_5_0, D3D11)",0,17,10,1,128,1.22.27,0,Chrome 119,3,627,CONGRUENT,467,5,90.60277,668.506042,CONGRUENT,1,B,NO,B,YES,0,2023-11-29T22:55:37.2010000Z,N/A,N/A
300,2023-11-29T22:55:37.2010000Z,0ee16dab-8856-4515-98f8-0e446e23d1e4,WPI1_10,Successful,0,Real,Windows 10,1199,1797,Eastern Standard Time,"ANGLE (Intel, Intel(R) Iris(R) Xe Graphics (0x000046A6) Direct3D11 vs_5_0 ps_5_0, D3D11)",0,17,10,1,128,1.22.27,0,Chrome 119,3,597,CONGRUENT,433,6,81.81026,609.152161,CONGRUENT,1,B,NO,B,YES,0,2023-11-29T22:55:37.2010000Z,N/A,N/A
301,2023-11-29T22:55:37.2010000Z,0ee16dab-8856-4515-98f8-0e446e23d1e4,WPI1_10,Successful,0,Real,Windows 10,1199,1797,Eastern Standard Time,"ANGLE (Intel, Intel(R) Iris(R) Xe Graphics (0x000046A6) Direct3D11 vs_5_0 ps_5_0, D3D11)",0,17,10,1,128,1.22.27,0,Chrome 119,3,647,INCONGRUENT,367,7,84.48541,669.207947,INCONGRUENT,1,A,YES,B,NO,0,2023-11-29T22:55:37.2010000Z,N/A,N/A
302,2023-11-29T22:55:37.2010000Z,0ee16dab-8856-4515-98f8-0e446e23d1e4,WPI1_10,Successful,0,Real,Windows 10,1199,1797,Eastern Standard Time,"ANGLE (Intel, Intel(R) Iris(R) Xe Graphics (0x000046A6) Direct3D11 vs_5_0 ps_5_0, D3D11)",0,17,10,1,128,1.22.27,0,Chrome 119,3,627,INCONGRUENT,533,8,76.6469955,546.747,INCONGRUENT,1,A,YES,B,NO,0,2023-11-29T22:55:37.2010000Z,N/A,N/A
303,2023-11-29T22:55:37.2010000Z,0ee16dab-8856-4515-98f8-0e446e23d1e4,WPI1_10,Successful,0,Real,Windows 10,1199,1797,Eastern Standard Time,"ANGLE (Intel, Intel(R) Iris(R) Xe Graphics (0x000046A6) Direct3D11 vs_5_0 ps_5_0, D3D11)",0,17,10,1,128,1.22.27,0,Chrome 119,3,597,INCONGRUENT,433,9,81.32799,468.563873,INCONGRUENT,0,A,NO,B,YES,0,2023-11-29T22:55:37.2010000Z,N/A,N/A
304,2023-11-29T22:55:37.2010000Z,0ee16dab-8856-4515-98f8-0e446e23d1e4,WPI1_10,Successful,0,Real,Windows 10,1199,1797,Eastern Standard Time,"ANGLE (Intel, Intel(R) Iris(R) Xe Graphics (0x000046A6) Direct3D11 vs_5_0 ps_5_0, D3D11)",0,17,10,1,128,1.22.27,0,Chrome 119,3,557,CONGRUENT,517,10,82.84856,547.7103,CONGRUENT,1,B,NO,B,YES,0,2023-11-29T22:55:37.2010000Z,N/A,N/A
305,2023-11-29T22:55:37.2010000Z,0ee16dab-8856-4515-98f8-0e446e23d1e4,WPI1_10,Successful,0,Real,Windows 10,1199,1797,Eastern Standard Time,"ANGLE (Intel, Intel(R) Iris(R) Xe Graphics (0x000046A6) Direct3D11 vs_5_0 ps_5_0, D3D11)",0,17,10,1,128,1.22.27,0,Chrome 119,3,507,CONGRUENT,467,11,84.40721,726.5355,CONGRUENT,1,B,NO,B,YES,0,2023-11-29T22:55:37.2010000Z,N/A,N/A
306,2023-11-29T22:55:37.2010000Z,0ee16dab-8856-4515-98f8-0e446e23d1e4,WPI1_10,Successful,0,Real,Windows 10,1199,1797,Eastern Standard Time,"ANGLE (Intel, Intel(R) Iris(R) Xe Graphics (0x000046A6) Direct3D11 vs_5_0 ps_5_0, D3D11)",0,17,10,1,128,1.22.27,0,Chrome 119,3,447,CONGRUENT,466,12,86.3049,686.1794,CONGRUENT,0,B,NO,B,YES,1,2023-11-29T22:55:37.2010000Z,N/A,N/A
307,2023-11-29T22:55:37.2010000Z,0ee16dab-8856-4515-98f8-0e446e23d1e4,WPI1_10,Successful,0,Real,Windows 10,1199,1797,Eastern Standard Time,"ANGLE (Intel, Intel(R) Iris(R) Xe Graphics (0x000046A6) Direct3D11 vs_5_0 ps_5_0, D3D11)",0,17,10,1,128,1.22.27,0,Chrome 119,3,637,INCONGRUENT,434,13,77.86909,459.7533,INCONGRUENT,1,A,YES,B,NO,0,2023-11-29T22:55:37.2010000Z,N/A,N/A
308,2023-11-29T22:55:37.2010000Z,0ee16dab-8856-4515-98f8-0e446e23d1e4,WPI1_10,Successful,0,Real,Windows 10,1199,1797,Eastern Standard Time,"ANGLE (Intel, Intel(R) Iris(R) Xe Graphics (0x000046A6) Direct3D11 vs_5_0 ps_5_0, D3D11)",0,17,10,1,128,1.22.27,0,Chrome 119,3,627,INCONGRUENT,400,14,85.4659,633.23175,INCONGRUENT,1,A,YES,B,NO,0,2023-11-29T22:55:37.2010000Z,N/A,N/A
309,2023-11-29T22:55:37.2010000Z,0ee16dab-8856-4515-98f8-0e446e23d1e4,WPI1_10,Successful,0,Real,Windows 10,1199,1797,Eastern Standard Time,"ANGLE (Intel, Intel(R) Iris(R) Xe Graphics (0x000046A6) Direct3D11 vs_5_0 ps_5_0, D3D11)",0,17,10,1,128,1.22.27,0,Chrome 119,3,607,INCONGRUENT,350,15,74.2418747,468.3004,INCONGRUENT,1,B,NO,A,YES,0,2023-11-29T22:55:37.2010000Z,N/A,N/A
310,2023-11-29T22:55:37.2010000Z,0ee16dab-8856-4515-98f8-0e446e23d1e4,WPI1_10,Successful,0,Real,Windows 10,1199,1797,Eastern Standard Time,"ANGLE (Intel, Intel(R) Iris(R) Xe Graphics (0x000046A6) Direct3D11 vs_5_0 ps_5_0, D3D11)",0,17,10,1,128,1.22.27,0,Chrome 119,3,487,CONGRUENT,383,16,76.1409,450.0611,CONGRUENT,1,A,YES,A,NO,0,2023-11-29T22:55:37.2010000Z,N/A,N/A
311,2023-11-29T22:55:37.2010000Z,0ee16dab-8856-4515-98f8-0e446e23d1e4,WPI1_10,Successful,0,Real,Windows 10,1199,1797,Eastern Standard Time,"ANGLE (Intel, Intel(R) Iris(R) Xe Graphics (0x000046A6) Direct3D11 vs_5_0 ps_5_0, D3D11)",0,17,10,1,128,1.22.27,0,Chrome 119,3,577,INCONGRUENT,450,17,88.2770538,868.870361,INCONGRUENT,0,B,YES,A,NO,0,2023-11-29T22:55:37.2010000Z,N/A,N/A
312,2023-11-29T22:55:37.2010000Z,0ee16dab-8856-4515-98f8-0e446e23d1e4,WPI1_10,Successful,0,Real,Windows 10,1199,1797,Eastern Standard Time,"ANGLE (Intel, Intel(R) Iris(R) Xe Graphics (0x000046A6) Direct3D11 vs_5_0 ps_5_0, D3D11)",0,17,10,1,128,1.22.27,0,Chrome 119,3,477,CONGRUENT,450,18,88.52418,807.9463,CONGRUENT,1,A,YES,A,NO,0,2023-11-29T22:55:37.2010000Z,N/A,N/A
313,2023-11-29T22:55:37.2010000Z,0ee16dab-8856-4515-98f8-0e446e23d1e4,WPI1_10,Successful,0,Real,Windows 10,1199,1797,Eastern Standard Time,"ANGLE (Intel, Intel(R) Iris(R) Xe Graphics (0x000046A6) Direct3D11 vs_5_0 ps_5_0, D3D11)",0,17,10,1,128,1.22.27,0,Chrome 119,3,617,INCONGRUENT,450,19,85.7719345,722.65625,INCONGRUENT,0,B,YES,A,NO,0,2023-11-29T22:55:37.2010000Z,N/A,N/A
314,2023-11-29T22:55:37.2010000Z,0ee16dab-8856-4515-98f8-0e446e23d1e4,WPI1_10,Successful,0,Real,Windows 10,1199,1797,Eastern Standard Time,"ANGLE (Intel, Intel(R) Iris(R) Xe Graphics (0x000046A6) Direct3D11 vs_5_0 ps_5_0, D3D11)",0,17,10,1,128,1.22.27,0,Chrome 119,3,457,CONGRUENT,483,20,82.6035843,737.238,CONGRUENT,0,A,YES,A,NO,1,2023-11-29T22:55:37.2010000Z,N/A,N/A
315,2023-11-29T22:55:37.2010000Z,0ee16dab-8856-4515-98f8-0e446e23d1e4,WPI1_10,Successful,0,Real,Windows 10,1199,1797,Eastern Standard Time,"ANGLE (Intel, Intel(R) Iris(R) Xe Graphics (0x000046A6) Direct3D11 vs_5_0 ps_5_0, D3D11)",0,17,10,1,128,1.22.27,0,Chrome 119,3,497,CONGRUENT,517,21,83.8756,474.126343,CONGRUENT,0,A,YES,A,NO,1,2023-11-29T22:55:37.2010000Z,N/A,N/A
316,2023-11-29T22:55:37.2010000Z,0ee16dab-8856-4515-98f8-0e446e23d1e4,WPI1_10,Successful,0,Real,Windows 10,1199,1797,Eastern Standard Time,"ANGLE (Intel, Intel(R) Iris(R) Xe Graphics (0x000046A6) Direct3D11 vs_5_0 ps_5_0, D3D11)",0,17,10,1,128,1.22.27,0,Chrome 119,3,697,INCONGRUENT,450,22,83.3942261,703.2298,INCONGRUENT,0,B,YES,A,NO,0,2023-11-29T22:55:37.2010000Z,N/A,N/A
317,2023-11-29T22:55:37.2010000Z,0ee16dab-8856-4515-98f8-0e446e23d1e4,WPI1_10,Successful,0,Real,Windows 10,1199,1797,Eastern Standard Time,"ANGLE (Intel, Intel(R) Iris(R) Xe Graphics (0x000046A6) Direct3D11 vs_5_0 ps_5_0, D3D11)",0,17,10,1,128,1.22.27,0,Chrome 119,3,817,INCONGRUENT,516,23,84.64383,616.0552,INCONGRUENT,1,B,NO,A,YES,0,2023-11-29T22:55:37.2010000Z,N/A,N/A
318,2023-11-29T22:55:37.2010000Z,0ee16dab-8856-4515-98f8-0e446e23d1e4,WPI1_10,Successful,0,Real,Windows 10,1199,1797,Eastern Standard Time,"ANGLE (Intel, Intel(R) Iris(R) Xe Graphics (0x000046A6) Direct3D11 vs_5_0 ps_5_0, D3D11)",0,17,10,1,128,1.22.27,0,Chrome 119,3,807,INCONGRUENT,484,24,86.7007446,713.638062,INCONGRUENT,1,B,NO,A,YES,0,2023-11-29T22:55:37.2010000Z,N/A,N/A
319,2023-11-29T22:55:37.2010000Z,0ee16dab-8856-4515-98f8-0e446e23d1e4,WPI1_10,Successful,0,Real,Windows 10,1199,1797,Eastern Standard Time,"ANGLE (Intel, Intel(R) Iris(R) Xe Graphics (0x000046A6) Direct3D11 vs_5_0 ps_5_0, D3D11)",0,17,10,1,128,1.22.27,0,Chrome 119,3,577,CONGRUENT,483,25,89.1957,599.3376,CONGRUENT,1,A,YES,A,NO,0,2023-11-29T22:55:37.2010000Z,N/A,N/A
320,2023-11-29T22:55:37.2010000Z,0ee16dab-8856-4515-98f8-0e446e23d1e4,WPI1_10,Successful,0,Real,Windows 10,1199,1797,Eastern Standard Time,"ANGLE (Intel, Intel(R) Iris(R) Xe Graphics (0x000046A6) Direct3D11 vs_5_0 ps_5_0, D3D11)",0,17,10,1,128,1.22.27,0,Chrome 119,3,787,INCONGRUENT,367,26,78.19595,490.125641,INCONGRUENT,1,B,NO,A,YES,0,2023-11-29T22:55:37.2010000Z,N/A,N/A
321,2023-11-29T22:55:37.2010000Z,0ee16dab-8856-4515-98f8-0e446e23d1e4,WPI1_10,Successful,0,Real,Windows 10,1199,1797,Eastern Standard Time,"ANGLE (Intel, Intel(R) Iris(R) Xe Graphics (0x000046A6) Direct3D11 vs_5_0 ps_5_0, D3D11)",0,17,10,1,128,1.22.27,0,Chrome 119,3,567,CONGRUENT,367,27,88.72187,630.0156,CONGRUENT,1,A,YES,A,NO,0,2023-11-29T22:55:37.2010000Z,N/A,N/A
322,2023-11-29T22:55:20.5260000Z,0ee16dab-8856-4515-98f8-0e446e23d1e4,WPI1_10,Successful,0,StartingWindow,Windows 10,1199,1797,Eastern Standard Time,"ANGLE (Intel, Intel(R) Iris(R) Xe Graphics (0x000046A6) Direct3D11 vs_5_0 ps_5_0, D3D11)",0,17,10,1,128,1.22.27,0,Chrome 119,3,-1,CONGRUENT,1550,0,81.31461,580.0651,CONGRUENT,1,A,YES,A,NO,0,2023-11-29T22:55:20.5260000Z,N/A,N/A
323,2023-11-29T22:55:20.5260000Z,0ee16dab-8856-4515-98f8-0e446e23d1e4,WPI1_10,Successful,0,StartingWindow,Windows 10,1199,1797,Eastern Standard Time,"ANGLE (Intel, Intel(R) Iris(R) Xe Graphics (0x000046A6) Direct3D11 vs_5_0 ps_5_0, D3D11)",0,17,10,1,128,1.22.27,0,Chrome 119,3,-1,CONGRUENT,450,1,85.8586,768.944153,CONGRUENT,1,B,NO,B,YES,0,2023-11-29T22:55:20.5260000Z,N/A,N/A
324,2023-11-29T22:55:20.5260000Z,0ee16dab-8856-4515-98f8-0e446e23d1e4,WPI1_10,Successful,0,StartingWindow,Windows 10,1199,1797,Eastern Standard Time,"ANGLE (Intel, Intel(R) Iris(R) Xe Graphics (0x000046A6) Direct3D11 vs_5_0 ps_5_0, D3D11)",0,17,10,1,128,1.22.27,0,Chrome 119,3,-1,CONGRUENT,533,2,88.5054245,599.6509,CONGRUENT,1,B,NO,B,YES,0,2023-11-29T22:55:20.5260000Z,N/A,N/A
325,2023-11-29T22:55:20.5260000Z,0ee16dab-8856-4515-98f8-0e446e23d1e4,WPI1_10,Successful,0,StartingWindow,Windows 10,1199,1797,Eastern Standard Time,"ANGLE (Intel, Intel(R) Iris(R) Xe Graphics (0x000046A6) Direct3D11 vs_5_0 ps_5_0, D3D11)",0,17,10,1,128,1.22.27,0,Chrome 119,3,-1,INCONGRUENT,517,3,86.89668,652.1545,INCONGRUENT,1,A,YES,B,NO,0,2023-11-29T22:55:20.5260000Z,N/A,N/A
326,2023-11-29T22:55:20.5260000Z,0ee16dab-8856-4515-98f8-0e446e23d1e4,WPI1_10,Successful,0,StartingWindow,Windows 10,1199,1797,Eastern Standard Time,"ANGLE (Intel, Intel(R) Iris(R) Xe Graphics (0x000046A6) Direct3D11 vs_5_0 ps_5_0, D3D11)",0,17,10,1,128,1.22.27,0,Chrome 119,3,-1,INCONGRUENT,517,4,85.2468,636.5958,INCONGRUENT,1,A,YES,B,NO,0,2023-11-29T22:55:20.5260000Z,N/A,N/A
327,2023-11-29T22:55:20.5260000Z,0ee16dab-8856-4515-98f8-0e446e23d1e4,WPI1_10,Successful,0,StartingWindow,Windows 10,1199,1797,Eastern Standard Time,"ANGLE (Intel, Intel(R) Iris(R) Xe Graphics (0x000046A6) Direct3D11 vs_5_0 ps_5_0, D3D11)",0,17,10,1,128,1.22.27,0,Chrome 119,3,-1,INCONGRUENT,384,5,74.0225143,489.835022,INCONGRUENT,0,B,YES,A,NO,0,2023-11-29T22:55:20.5260000Z,N/A,N/A
328,2023-11-29T22:51:28.4880000Z,0ee16dab-8856-4515-98f8-0e446e23d1e4,WPI1_6,Successful,0,Real,Mac OS X 10_15_7,1598,2396,Eastern Standard Time,Apple GPU,0,17,10,1,128,1.22.27,0,Safari 17.1,3,783,CONGRUENT,933,0,60.059227,6.20946836,CONGRUENT,0,A,YES,A,NO,1,2023-11-29T22:51:28.4880000Z,N/A,N/A
329,2023-11-29T22:51:28.4880000Z,0ee16dab-8856-4515-98f8-0e446e23d1e4,WPI1_6,Successful,0,Real,Mac OS X 10_15_7,1598,2396,Eastern Standard Time,Apple GPU,0,17,10,1,128,1.22.27,0,Safari 17.1,3,783,INCONGRUENT,416,1,60.0522881,6.130376,INCONGRUENT,1,B,NO,A,YES,0,2023-11-29T22:51:28.4880000Z,N/A,N/A
330,2023-11-29T22:51:28.4880000Z,0ee16dab-8856-4515-98f8-0e446e23d1e4,WPI1_6,Successful,0,Real,Mac OS X 10_15_7,1598,2396,Eastern Standard Time,Apple GPU,0,17,10,1,128,1.22.27,0,Safari 17.1,3,823,CONGRUENT,450,2,59.9128571,2.8182447,CONGRUENT,1,B,NO,B,YES,0,2023-11-29T22:51:28.4880000Z,N/A,N/A
331,2023-11-29T22:51:28.4880000Z,0ee16dab-8856-4515-98f8-0e446e23d1e4,WPI1_6,Successful,0,Real,Mac OS X 10_15_7,1598,2396,Eastern Standard Time,Apple GPU,0,17,10,1,128,1.22.27,0,Safari 17.1,3,813,CONGRUENT,416,3,60.1372566,11.1649952,CONGRUENT,1,B,NO,B,YES,0,2023-11-29T22:51:28.4880000Z,N/A,N/A
332,2023-11-29T22:51:28.4880000Z,0ee16dab-8856-4515-98f8-0e446e23d1e4,WPI1_6,Successful,0,Real,Mac OS X 10_15_7,1598,2396,Eastern Standard Time,Apple GPU,0,17,10,1,128,1.22.27,0,Safari 17.1,3,793,CONGRUENT,450,4,60.11559,7.1825757,CONGRUENT,1,A,YES,A,NO,0,2023-11-29T22:51:28.4880000Z,N/A,N/A
333,2023-11-29T22:51:28.4880000Z,0ee16dab-8856-4515-98f8-0e446e23d1e4,WPI1_6,Successful,0,Real,Mac OS X 10_15_7,1598,2396,Eastern Standard Time,Apple GPU,0,17,10,1,128,1.22.27,0,Safari 17.1,3,773,INCONGRUENT,484,5,67.1780853,210.992523,INCONGRUENT,1,B,NO,A,YES,0,2023-11-29T22:51:28.4880000Z,N/A,N/A
334,2023-11-29T22:51:28.4880000Z,0ee16dab-8856-4515-98f8-0e446e23d1e4,WPI1_6,Successful,0,Real,Mac OS X 10_15_7,1598,2396,Eastern Standard Time,Apple GPU,0,17,10,1,128,1.22.27,0,Safari 17.1,3,753,INCONGRUENT,433,6,60.00503,5.950431,INCONGRUENT,1,A,YES,B,NO,0,2023-11-29T22:51:28.4880000Z,N/A,N/A
335,2023-11-29T22:51:28.4880000Z,0ee16dab-8856-4515-98f8-0e446e23d1e4,WPI1_6,Successful,0,Real,Mac OS X 10_15_7,1598,2396,Eastern Standard Time,Apple GPU,0,17,10,1,128,1.22.27,0,Safari 17.1,3,763,CONGRUENT,400,7,76.75398,668.4418,CONGRUENT,1,B,NO,B,YES,0,2023-11-29T22:51:28.4880000Z,N/A,N/A
336,2023-11-29T22:51:28.4880000Z,0ee16dab-8856-4515-98f8-0e446e23d1e4,WPI1_6,Successful,0,Real,Mac OS X 10_15_7,1598,2396,Eastern Standard Time,Apple GPU,0,17,10,1,128,1.22.27,0,Safari 17.1,3,723,CONGRUENT,350,8,60.04902,3.003654,CONGRUENT,1,A,YES,A,NO,0,2023-11-29T22:51:28.4880000Z,N/A,N/A
337,2023-11-29T22:51:28.4880000Z,0ee16dab-8856-4515-98f8-0e446e23d1e4,WPI1_6,Successful,0,Real,Mac OS X 10_15_7,1598,2396,Eastern Standard Time,Apple GPU,0,17,10,1,128,1.22.27,0,Safari 17.1,3,673,CONGRUENT,400,9,60.06604,3.9698174,CONGRUENT,1,B,NO,B,YES,0,2023-11-29T22:51:28.4880000Z,N/A,N/A
338,2023-11-29T22:51:28.4880000Z,0ee16dab-8856-4515-98f8-0e446e23d1e4,WPI1_6,Successful,0,Real,Mac OS X 10_15_7,1598,2396,Eastern Standard Time,Apple GPU,0,17,10,1,128,1.22.27,0,Safari 17.1,3,723,INCONGRUENT,433,10,60.1118736,3.94958067,INCONGRUENT,1,A,YES,B,NO,0,2023-11-29T22:51:28.4880000Z,N/A,N/A
339,2023-11-29T22:51:28.4880000Z,0ee16dab-8856-4515-98f8-0e446e23d1e4,WPI1_6,Successful,0,Real,Mac OS X 10_15_7,1598,2396,Eastern Standard Time,Apple GPU,0,17,10,1,128,1.22.27,0,Safari 17.1,3,613,CONGRUENT,384,11,82.96502,596.526855,CONGRUENT,1,A,YES,A,NO,0,2023-11-29T22:51:28.4880000Z,N/A,N/A
340,2023-11-29T22:51:28.4880000Z,0ee16dab-8856-4515-98f8-0e446e23d1e4,WPI1_6,Successful,0,Real,Mac OS X 10_15_7,1598,2396,Eastern Standard Time,Apple GPU,0,17,10,1,128,1.22.27,0,Safari 17.1,3,683,INCONGRUENT,484,12,60.1115952,11.6943827,INCONGRUENT,1,A,YES,B,NO,0,2023-11-29T22:51:28.4880000Z,N/A,N/A
341,2023-11-29T22:51:28.4880000Z,0ee16dab-8856-4515-98f8-0e446e23d1e4,WPI1_6,Successful,0,Real,Mac OS X 10_15_7,1598,2396,Eastern Standard Time,Apple GPU,0,17,10,1,128,1.22.27,0,Safari 17.1,3,633,INCONGRUENT,484,13,59.9785919,3.694942,INCONGRUENT,1,B,NO,A,YES,0,2023-11-29T22:51:28.4880000Z,N/A,N/A
342,2023-11-29T22:51:28.4880000Z,0ee16dab-8856-4515-98f8-0e446e23d1e4,WPI1_6,Successful,0,Real,Mac OS X 10_15_7,1598,2396,Eastern Standard Time,Apple GPU,0,17,10,1,128,1.22.27,0,Safari 17.1,3,573,INCONGRUENT,434,14,63.7527657,132.515762,INCONGRUENT,1,A,YES,B,NO,0,2023-11-29T22:51:28.4880000Z,N/A,N/A
343,2023-11-29T22:51:28.4880000Z,0ee16dab-8856-4515-98f8-0e446e23d1e4,WPI1_6,Successful,0,Real,Mac OS X 10_15_7,1598,2396,Eastern Standard Time,Apple GPU,0,17,10,1,128,1.22.27,0,Safari 17.1,3,543,CONGRUENT,400,15,59.92987,4.734635,CONGRUENT,1,B,NO,B,YES,0,2023-11-29T22:51:28.4880000Z,N/A,N/A
344,2023-11-29T22:51:28.4880000Z,0ee16dab-8856-4515-98f8-0e446e23d1e4,WPI1_6,Successful,0,Real,Mac OS X 10_15_7,1598,2396,Eastern Standard Time,Apple GPU,0,17,10,1,128,1.22.27,0,Safari 17.1,3,463,CONGRUENT,433,16,60.1118622,3.94957781,CONGRUENT,1,B,NO,B,YES,0,2023-11-29T22:51:28.4880000Z,N/A,N/A
345,2023-11-29T22:51:28.4880000Z,0ee16dab-8856-4515-98f8-0e446e23d1e4,WPI1_6,Successful,0,Real,Mac OS X 10_15_7,1598,2396,Eastern Standard Time,Apple GPU,0,17,10,1,128,1.22.27,0,Safari 17.1,3,373,CONGRUENT,384,17,72.9372559,544.8206,CONGRUENT,0,B,NO,B,YES,1,2023-11-29T22:51:28.4880000Z,N/A,N/A
346,2023-11-29T22:51:28.4880000Z,0ee16dab-8856-4515-98f8-0e446e23d1e4,WPI1_6,Successful,0,Real,Mac OS X 10_15_7,1598,2396,Eastern Standard Time,Apple GPU,0,17,10,1,128,1.22.27,0,Safari 17.1,3,503,INCONGRUENT,367,18,60.03416,5.502225,INCONGRUENT,1,A,YES,B,NO,0,2023-11-29T22:51:28.4880000Z,N/A,N/A
347,2023-11-29T22:51:28.4880000Z,0ee16dab-8856-4515-98f8-0e446e23d1e4,WPI1_6,Successful,0,Real,Mac OS X 10_15_7,1598,2396,Eastern Standard Time,Apple GPU,0,17,10,1,128,1.22.27,0,Safari 17.1,3,413,CONGRUENT,366,19,60.45009,10.8852987,CONGRUENT,1,A,YES,A,NO,0,2023-11-29T22:51:28.4880000Z,N/A,N/A
348,2023-11-29T22:51:28.4880000Z,0ee16dab-8856-4515-98f8-0e446e23d1e4,WPI1_6,Successful,0,Real,Mac OS X 10_15_7,1598,2396,Eastern Standard Time,Apple GPU,0,17,10,1,128,1.22.27,0,Safari 17.1,3,423,INCONGRUENT,350,20,59.9361954,6.57019472,INCONGRUENT,1,A,YES,B,NO,0,2023-11-29T22:51:28.4880000Z,N/A,N/A
349,2023-11-29T22:51:28.4880000Z,0ee16dab-8856-4515-98f8-0e446e23d1e4,WPI1_6,Successful,0,Real,Mac OS X 10_15_7,1598,2396,Eastern Standard Time,Apple GPU,0,17,10,1,128,1.22.27,0,Safari 17.1,3,333,INCONGRUENT,433,21,79.02848,689.9581,INCONGRUENT,0,B,NO,A,YES,1,2023-11-29T22:51:28.4880000Z,N/A,N/A
350,2023-11-29T22:51:28.4880000Z,0ee16dab-8856-4515-98f8-0e446e23d1e4,WPI1_6,Successful,0,Real,Mac OS X 10_15_7,1598,2396,Eastern Standard Time,Apple GPU,0,17,10,1,128,1.22.27,0,Safari 17.1,3,373,INCONGRUENT,450,22,60.127697,7.6663494100000005,INCONGRUENT,0,A,YES,B,NO,1,2023-11-29T22:51:28.4880000Z,N/A,N/A
351,2023-11-29T22:51:28.4880000Z,0ee16dab-8856-4515-98f8-0e446e23d1e4,WPI1_6,Successful,0,Real,Mac OS X 10_15_7,1598,2396,Eastern Standard Time,Apple GPU,0,17,10,1,128,1.22.27,0,Safari 17.1,3,403,CONGRUENT,384,23,59.97798,4.884957,CONGRUENT,1,A,YES,A,NO,0,2023-11-29T22:51:28.4880000Z,N/A,N/A
352,2023-11-29T22:51:28.4880000Z,0ee16dab-8856-4515-98f8-0e446e23d1e4,WPI1_6,Successful,0,Real,Mac OS X 10_15_7,1598,2396,Eastern Standard Time,Apple GPU,0,17,10,1,128,1.22.27,0,Safari 17.1,3,453,INCONGRUENT,450,24,59.95825,5.40575075,INCONGRUENT,1,B,NO,A,YES,0,2023-11-29T22:51:28.4880000Z,N/A,N/A
353,2023-11-29T22:51:28.4880000Z,0ee16dab-8856-4515-98f8-0e446e23d1e4,WPI1_6,Successful,0,Real,Mac OS X 10_15_7,1598,2396,Eastern Standard Time,Apple GPU,0,17,10,1,128,1.22.27,0,Safari 17.1,3,383,CONGRUENT,417,25,60.03268,4.79890251,CONGRUENT,0,A,YES,A,NO,1,2023-11-29T22:51:28.4880000Z,N/A,N/A
354,2023-11-29T22:51:28.4880000Z,0ee16dab-8856-4515-98f8-0e446e23d1e4,WPI1_6,Successful,0,Real,Mac OS X 10_15_7,1598,2396,Eastern Standard Time,Apple GPU,0,17,10,1,128,1.22.27,0,Safari 17.1,3,443,INCONGRUENT,450,26,60.130722,8.039403,INCONGRUENT,0,B,NO,A,YES,1,2023-11-29T22:51:28.4880000Z,N/A,N/A
355,2023-11-29T22:51:28.4880000Z,0ee16dab-8856-4515-98f8-0e446e23d1e4,WPI1_6,Successful,0,Real,Mac OS X 10_15_7,1598,2396,Eastern Standard Time,Apple GPU,0,17,10,1,128,1.22.27,0,Safari 17.1,3,483,INCONGRUENT,400,27,76.69107,597.6987,INCONGRUENT,1,B,NO,A,YES,0,2023-11-29T22:51:28.4880000Z,N/A,N/A
356,2023-11-29T22:51:09.0560000Z,0ee16dab-8856-4515-98f8-0e446e23d1e4,WPI1_6,Successful,0,StartingWindow,Mac OS X 10_15_7,1598,2396,Eastern Standard Time,Apple GPU,0,17,10,1,128,1.22.27,0,Safari 17.1,3,-1,CONGRUENT,1500,0,69.59315,440.4755,CONGRUENT,1,A,YES,A,NO,0,2023-11-29T22:51:09.0560000Z,N/A,N/A
357,2023-11-29T22:51:09.0560000Z,0ee16dab-8856-4515-98f8-0e446e23d1e4,WPI1_6,Successful,0,StartingWindow,Mac OS X 10_15_7,1598,2396,Eastern Standard Time,Apple GPU,0,17,10,1,128,1.22.27,0,Safari 17.1,3,-1,CONGRUENT,650,1,79.1640244,755.3208,CONGRUENT,1,A,YES,A,NO,0,2023-11-29T22:51:09.0560000Z,N/A,N/A
358,2023-11-29T22:51:09.0560000Z,0ee16dab-8856-4515-98f8-0e446e23d1e4,WPI1_6,Successful,0,StartingWindow,Mac OS X 10_15_7,1598,2396,Eastern Standard Time,Apple GPU,0,17,10,1,128,1.22.27,0,Safari 17.1,3,-1,INCONGRUENT,550,2,91.4995956,760.3975,INCONGRUENT,0,A,NO,B,YES,0,2023-11-29T22:51:09.0560000Z,N/A,N/A
359,2023-11-29T22:51:09.0560000Z,0ee16dab-8856-4515-98f8-0e446e23d1e4,WPI1_6,Successful,0,StartingWindow,Mac OS X 10_15_7,1598,2396,Eastern Standard Time,Apple GPU,0,17,10,1,128,1.22.27,0,Safari 17.1,3,-1,CONGRUENT,900,3,62.0346451,98.53305,CONGRUENT,1,B,NO,B,YES,0,2023-11-29T22:51:09.0560000Z,N/A,N/A
360,2023-11-29T22:51:09.0560000Z,0ee16dab-8856-4515-98f8-0e446e23d1e4,WPI1_6,Successful,0,StartingWindow,Mac OS X 10_15_7,1598,2396,Eastern Standard Time,Apple GPU,0,17,10,1,128,1.22.27,0,Safari 17.1,3,-1,INCONGRUENT,716,4,60.3017159,9.751638,INCONGRUENT,1,B,NO,A,YES,0,2023-11-29T22:51:09.0560000Z,N/A,N/A
361,2023-11-29T22:51:09.0560000Z,0ee16dab-8856-4515-98f8-0e446e23d1e4,WPI1_6,Successful,0,StartingWindow,Mac OS X 10_15_7,1598,2396,Eastern Standard Time,Apple GPU,0,17,10,1,128,1.22.27,0,Safari 17.1,3,-1,INCONGRUENT,483,5,60.2631264,5.912206,INCONGRUENT,1,A,YES,B,NO,0,2023-11-29T22:51:09.0560000Z,N/A,N/A
